Date,gold,oil,tsx,vix
2012-07-09,1618.87,86.8992,11634.67,21.19
2012-07-10,1614.83,86.0352,11512.22,22.11
2012-07-11,1606.04,87.8401,11544.64,21.43
2012-07-12,1594.88,87.5299,11425.47,21.57
2012-07-13,1614.53,88.3178,11514.53,20.25
2012-07-16,1615.27,89.4078,11521.18,19.37
2012-07-17,1608.56,90.1874,11571.19,19.28
2012-07-18,1586.42,90.8065,11579.15,18.51
2012-07-19,1592.2,93.0666,11665.7,17.93
2012-07-20,1602.69,92.7527,11622.91,17.66
2012-07-23,1606.99,89.6075,11545.54,18.88
2012-07-24,1610.13,89.9784,11466.95,20.18
2012-07-25,1632.65,90.2531,11492.51,19.08
2012-07-26,1630.98,90.2315,11639.75,17.64
2012-07-27,1622.77,90.4315,11766.36,17.49
2012-07-30,1622.95,89.8136,11757.88,18.26
2012-07-31,1615.35,88.0383,11664.71,19.64
2012-08-01,1612.57,89.1822,11618.53,19.1
2012-08-02,1598.75,88.0794,11506.5,18.6
2012-08-03,1607.77,91.4879,11662.59,16.69
2012-08-07,1604.89,93.1641,11863.5,16.43
2012-08-08,1604.08,92.8885,11781.04,17.31
2012-08-09,1602.99,92.88799999999999,11858.13,16.7
2012-08-10,1605.57,92.544,11890.89,16.53
2012-08-13,1597.46,91.9981,11838.33,16.58
2012-08-14,1586.55,92.4329,11853.61,14.6
2012-08-15,1586.25,93.3343,11905.44,14.87
2012-08-16,1594.57,93.9678,12032.58,16.0
2012-08-17,1599.03,95.1676,12089.89,15.53
2012-08-20,1601.21,94.9904,12076.03,16.1
2012-08-21,1621.9,95.7811,12116.92,15.69
2012-08-22,1623.12,96.3399,12118.99,15.06
2012-08-23,1659.15,95.3525,12062.51,17.48
2012-08-24,1657.21,95.3619,12082.23,15.85
2012-08-27,1656.83,94.73200000000001,12048.82,16.57
2012-08-28,1647.06,95.0993,12009.9,17.27
2012-08-29,1642.55,94.3007,12009.79,17.11
2012-08-30,1640.87,93.9767,11886.65,18.69
2012-08-31,1661.83,95.1012,11949.26,18.34
2012-09-04,1669.03,94.2182,11941.7,19.25
2012-09-05,1673.89,94.98899999999999,11990.14,18.44
2012-09-06,1672.99,93.0982,12139.73,16.92
2012-09-07,1700.26,94.2994,12268.01,15.76
2012-09-10,1690.16,94.0448,12215.43,17.85
2012-09-11,1685.78,94.1872,12220.45,17.66
2012-09-12,1689.38,94.4986,12232.62,17.09
2012-09-13,1714.08,95.1756,12360.16,15.78
2012-09-14,1718.92,96.137,12499.47,15.47
2012-09-17,1723.07,94.2011,12446.86,16.56
2012-09-18,1723.42,93.1529,12422.71,16.16
2012-09-19,1724.34,89.7678,12436.16,15.58
2012-09-20,1726.78,90.7232,12409.25,14.98
2012-09-21,1734.23,90.8763,12383.6,15.22
2012-09-24,1724.34,90.0639,12313.54,15.23
2012-09-25,1729.55,89.1468,12257.18,15.96
2012-09-26,1725.24,88.7265,12232.86,16.01
2012-09-27,1743.43,90.4801,12338.85,14.95
2012-09-28,1741.32,90.5264,12317.46,15.18
2012-10-01,1749.19,90.7614,12370.19,15.28
2012-10-02,1744.78,90.2549,12391.23,15.6
2012-10-03,1755.18,86.9581,12359.47,15.53
2012-10-04,1758.75,89.7387,12447.68,14.46
2012-10-05,1740.65,88.0003,12418.99,14.92
2012-10-09,1724.54,90.0055,12273.57,16.32
2012-10-10,1732.19,89.6425,12212.42,15.67
2012-10-11,1730.72,90.3873,12233.95,16.15
2012-10-12,1722.18,89.7977,12202.04,16.58
2012-10-15,1702.29,90.0114,12229.96,16.03
2012-10-16,1720.61,91.0062,12407.7,15.51
2012-10-17,1713.13,89.9572,12461.25,15.07
2012-10-18,1717.88,90.6387,12466.12,14.3
2012-10-19,1711.33,89.9364,12415.98,14.74
2012-10-22,1711.92,88.5052,12403.54,14.77
2012-10-23,1695.25,85.9375,12225.84,16.39
2012-10-24,1689.69,85.3171,12195.02,16.54
2012-10-25,1703.31,85.8093,12300.23,15.86
2012-10-26,1705.95,85.9051,12300.3,16.03
2012-10-29,1709.24,85.3616,12312.75,17.19
2012-10-30,1708.96,85.6913,12377.05,16.03
2012-10-31,1717.33,86.1359,12422.91,16.36
2012-11-01,1708.29,86.5852,12499.76,15.94
2012-11-02,1667.43,84.4789,12380.41,16.66
2012-11-05,1676.5,85.4234,12352.78,17.37
2012-11-06,1700.16,87.5436,12361.2,17.8
2012-11-07,1706.71,84.3927,12230.59,18.27
2012-11-08,1725.92,85.0657,12191.05,17.72
2012-11-09,1731.86,86.2118,12196.8,17.48
2012-11-12,1729.26,85.4227,12191.46,17.85
2012-11-13,1727.66,85.3848,12134.66,17.42
2012-11-14,1735.4,86.6404,11929.79,18.53
2012-11-15,1715.19,85.8339,11811.38,19.65
2012-11-16,1716.19,87.1969,11877.72,18.26
2012-11-19,1728.12,88.6624,12040.4,15.82
2012-11-20,1718.39,87.0345,12046.28,16.17
2012-11-21,1722.05,87.3308,12100.06,15.37
2012-11-23,1737.75,87.6566,12213.24,15.35
2012-11-26,1738.2,87.2446,12185.05,15.69
2012-11-27,1731.98,86.529,12111.63,15.97
2012-11-28,1703.21,85.949,12140.33,15.62
2012-11-29,1715.02,87.0456,12202.85,15.4
2012-11-30,1699.85,88.4627,12239.36,15.74
2012-12-03,1711.04,88.5621,12169.74,16.17
2012-12-04,1682.62,87.7987,12137.18,16.48
2012-12-05,1677.97,87.1386,12157.29,16.48
2012-12-06,1685.47,85.6447,12151.13,16.23
2012-12-07,1687.96,85.0285,12159.59,15.28
2012-12-10,1690.18,84.4847,12230.47,16.11
2012-12-11,1684.45,84.6426,12282.36,15.14
2012-12-12,1690.23,85.3923,12353.09,15.16
2012-12-13,1669.88,84.9853,12289.17,15.31
2012-12-14,1671.89,85.64299999999999,12296.72,15.02
2012-12-17,1669.29,85.9665,12281.35,16.16
2012-12-18,1645.96,87.2214,12334.34,15.51
2012-12-19,1646.74,88.6454,12403.63,15.54
2012-12-20,1624.11,88.9443,12388.71,15.37
2012-12-21,1648.06,88.3184,12385.7,14.0
2012-12-24,1647.23,88.1548,12370.8,14.35
2012-12-27,1654.16,90.9037,12373.77,15.56
2012-12-28,1649.46,90.4211,12316.12,16.98
2012-12-31,1663.49,90.9218,12433.53,15.15
2013-01-02,1663.45,91.40899999999999,12540.77,13.02
2013-01-03,1653.53,91.681,12470.44,14.31
2013-01-04,1626.47,91.9105,12540.81,13.71
2013-01-07,1622.46,91.9594,12499.55,13.39
2013-01-08,1639.37,91.92399999999999,12504.81,13.08
2013-01-09,1633.89,92.0401,12522.24,12.53
2013-01-10,1650.89,92.5,12599.74,12.47
2013-01-11,1633.54,92.5,12602.18,12.38
2013-01-14,1641.97,92.59899999999999,12603.09,12.94
2013-01-15,1657.22,91.9466,12641.97,12.39
2013-01-16,1659.3,92.809,12608.82,12.62
2013-01-17,1666.24,93.8484,12674.73,12.58
2013-01-18,1673.55,95.0258,12725.69,12.41
2013-01-22,1679.37,95.9946,12824.63,11.75
2013-01-23,1684.62,95.4702,12794.05,11.63
2013-01-24,1673.52,96.2052,12823.62,11.31
2013-01-25,1666.73,96.5917,12816.63,12.04
2013-01-28,1663.38,97.1212,12815.91,12.71
2013-01-29,1663.86,97.5075,12830.56,12.53
2013-01-30,1682.42,98.2432,12794.44,13.55
2013-01-31,1656.29,97.3589,12685.24,14.04
2013-02-01,1664.9,97.2574,12768.83,13.16
2013-02-04,1672.46,95.7898,12717.62,14.09
2013-02-05,1665.41,96.2268,12745.65,13.7
2013-02-06,1670.68,96.43,12761.59,13.33
2013-02-07,1666.57,95.6231,12755.92,13.05
2013-02-08,1670.85,96.0098,12801.23,12.37
2013-02-11,1655.15,97.4625,12748.15,13.42
2013-02-12,1653.16,97.7669,12789.02,12.07
2013-02-13,1646.83,97.302,12775.28,12.22
2013-02-14,1636.66,97.4487,12721.79,12.86
2013-02-15,1619.65,96.5892,12686.63,11.83
2013-02-19,1622.42,98.2298,12810.21,11.92
2013-02-20,1604.07,96.2464,12714.05,12.45
2013-02-21,1607.62,94.6992,12639.97,13.37
2013-02-22,1605.64,95.353,12701.63,12.57
2013-02-25,1628.71,94.46700000000001,12650.87,15.35
2013-02-26,1657.3,95.1504,12660.44,14.35
2013-02-27,1631.92,95.1947,12732.39,13.19
2013-02-28,1625.66,94.70100000000001,12821.83,13.82
2013-03-01,1614.19,93.3565,12773.12,13.42
2013-03-04,1616.06,92.6995,12707.41,13.48
2013-03-05,1618.96,93.2543,12736.04,13.74
2013-03-06,1624.14,93.399,12831.96,13.33
2013-03-07,1621.17,94.1483,12826.52,13.33
2013-03-08,1623.02,94.4873,12835.61,12.7
2013-03-11,1618.59,94.5347,12858.49,14.77
2013-03-12,1632.64,95.0491,12878.58,13.11
2013-03-13,1633.21,94.8849,12744.11,14.46
2013-03-14,1626.05,95.339,12799.91,15.4
2013-03-15,1623.67,95.3559,12830.03,13.08
2013-03-18,1639.52,95.91799999999999,12781.76,13.24
2013-03-19,1654.65,95.0407,12773.87,13.2
2013-03-20,1648.72,95.6694,12826.55,11.89
2013-03-21,1653.65,94.8936,12747.87,12.8
2013-03-22,1643.0,96.0496,12757.35,12.32
2013-03-25,1639.02,96.7637,12680.71,12.8
2013-03-26,1621.91,97.7533,12706.38,11.95
2013-03-27,1632.15,98.2377,12699.65,12.04
2013-03-28,1621.23,98.7466,12749.9,11.71
2013-04-01,1626.68,98.491,12695.14,12.8
2013-04-02,1598.27,98.204,12682.1,12.28
2013-04-03,1575.33,95.9152,12422.12,15.04
2013-04-04,1571.76,94.6168,12363.05,15.68
2013-04-05,1603.46,94.6518,12331.85,15.31
2013-04-08,1597.89,94.9863,12344.56,15.17
2013-04-09,1611.99,95.4808,12484.05,14.09
2013-04-10,1580.27,95.8544,12534.91,13.6
2013-04-11,1581.22,94.4162,12481.37,15.45
2013-04-12,1520.92,92.0944,12337.59,16.45
2013-04-15,1394.34,89.2346,12004.88,18.85
2013-04-16,1416.4,90.8699,12119.92,17.63
2013-04-17,1418.51,88.63799999999999,11947.29,19.82
2013-04-18,1427.99,90.866,11996.34,19.84
2013-04-19,1432.69,90.5754,12065.55,16.09
2013-04-22,1457.29,91.5891,12090.68,15.72
2013-04-23,1444.87,91.8542,12090.94,15.51
2013-04-24,1459.9,93.9223,12270.43,13.47
2013-04-25,1490.72,95.1279,12329.51,13.57
2013-04-26,1478.14,94.3911,12220.2,14.94
2013-04-29,1483.87,95.5167,12312.67,13.83
2013-04-30,1482.88,93.7876,12456.5,13.65
2013-05-01,1458.4,91.6842,12321.29,14.45
2013-05-02,1482.82,94.8516,12379.64,15.1
2013-05-03,1476.11,96.2471,12438.03,14.77
2013-05-06,1478.15,96.4253,12453.92,15.07
2013-05-07,1455.26,95.9081,12464.11,14.68
2013-05-08,1478.34,96.6596,12585.05,13.94
2013-05-09,1479.01,96.7479,12543.9,15.05
2013-05-10,1451.17,96.91,12589.09,14.65
2013-05-13,1449.87,96.16,12529.55,17.94
2013-05-14,1450.37,96.0589,12577.05,16.52
2013-05-15,1418.49,95.7509,12473.65,18.14
2013-05-16,1414.25,96.87899999999999,12507.6,16.56
2013-05-17,1403.06,98.8706,12613.05,14.62
2013-05-21,1414.29,98.2245,12742.43,14.77
2013-05-22,1417.79,97.4796,12752.5,14.59
2013-05-23,1434.31,97.0928,12658.09,14.3
2013-05-24,1431.02,96.8262,12667.22,14.59
2013-05-27,1443.44,97.1934,12696.37,15.82
2013-05-28,1434.17,98.882,12750.52,14.59
2013-05-29,1440.27,96.1718,12732.61,14.54
2013-05-30,1453.66,96.3578,12746.55,14.66
2013-05-31,1445.21,95.0654,12650.42,15.7
2013-06-03,1450.87,95.917,12609.8,16.39
2013-06-04,1444.93,97.1292,12593.97,16.06
2013-06-05,1446.57,97.0301,12443.65,16.84
2013-06-06,1453.04,97.2734,12409.33,15.79
2013-06-07,1410.07,98.1218,12373.3,16.5
2013-06-10,1413.05,97.7526,12382.67,16.05
2013-06-11,1402.53,96.7165,12223.57,17.24
2013-06-12,1420.93,97.6807,12109.89,17.9
2013-06-13,1399.29,98.1449,12277.13,16.07
2013-06-14,1410.86,99.5346,12187.36,17.16
2013-06-17,1408.29,99.9844,12288.9,16.57
2013-06-18,1395.49,100.946,12367.46,15.93
2013-06-19,1411.28,100.6464,12268.29,15.71
2013-06-20,1335.86,98.5199,11968.57,18.7
2013-06-21,1350.62,98.1659,11995.66,17.42
2013-06-24,1340.75,99.8322,11836.86,18.96
2013-06-25,1340.06,99.9649,12005.42,16.72
2013-06-26,1287.4,99.9654,11951.9,15.85
2013-06-27,1269.01,101.4533,12005.78,15.89
2013-06-28,1287.4,101.4522,12129.11,14.99
2013-07-02,1311.12,105.2072,12178.38,16.5
2013-07-03,1314.82,106.3805,12145.68,16.3
2013-07-04,1310.75,106.7606,12166.66,13.65
2013-07-05,1283.08,109.51899999999999,12134.91,16.23
2013-07-08,1303.74,108.7406,12208.87,15.63
2013-07-09,1310.92,109.9747,12297.09,14.18
2013-07-10,1305.36,110.9384,12306.93,15.06
2013-07-11,1326.94,108.42,12493.26,13.79
2013-07-12,1328.14,110.3284,12462.18,14.58
2013-07-15,1338.83,111.0661,12528.35,14.28
2013-07-16,1338.59,109.7247,12516.89,14.1
2013-07-17,1329.62,110.52799999999999,12568.77,13.83
2013-07-18,1332.99,112.1155,12628.85,13.07
2013-07-19,1340.76,112.2109,12685.13,12.1
2013-07-22,1381.29,110.5835,12758.38,12.51
2013-07-23,1373.42,110.5033,12745.38,12.71
2013-07-24,1361.64,108.4933,12672.3,13.64
2013-07-25,1366.16,108.5187,12669.14,13.51
2013-07-26,1358.93,107.538,12647.9,12.6
2013-07-29,1363.72,107.1631,12669.04,13.97
2013-07-30,1364.39,106.2741,12581.75,14.88
2013-07-31,1348.82,108.1937,12486.64,15.03
2013-08-01,1356.44,111.5722,12593.96,13.95
2013-08-02,1361.38,111.006,12603.25,13.14
2013-08-06,1331.4,109.5938,12469.32,14.1
2013-08-07,1340.53,108.6554,12412.73,14.32
2013-08-08,1353.61,107.1871,12552.92,12.86
2013-08-09,1350.86,109.2207,12542.13,13.4
2013-08-12,1375.7,109.5511,12594.27,15.09
2013-08-13,1366.57,110.2156,12642.19,14.5
2013-08-14,1379.67,110.5872,12639.3,14.37
2013-08-15,1403.13,110.4531,12704.52,14.59
2013-08-16,1417.78,111.1276,12736.92,14.73
2013-08-19,1413.41,110.54700000000001,12588.02,14.99
2013-08-20,1426.75,109.3483,12670.11,13.22
2013-08-21,1435.63,108.5784,12573.08,13.73
2013-08-22,1442.0,110.5913,12674.35,13.73
2013-08-23,1464.84,111.6295,12762.3,13.35
2013-08-26,1462.62,111.5194,12760.3,14.61
2013-08-27,1488.01,114.8993,12591.21,15.73
2013-08-28,1488.05,115.0359,12607.22,15.44
2013-08-29,1488.05,113.1268,12704.73,15.16
2013-08-30,1471.13,113.4348,12653.9,15.52
2013-09-03,1487.57,114.3362,12740.5,15.53
2013-09-04,1458.6,112.5963,12757.81,14.94
2013-09-05,1442.64,113.8822,12845.06,14.49
2013-09-06,1442.83,114.8412,12820.92,14.84
2013-09-09,1438.29,112.6537,12854.64,14.64
2013-09-10,1411.67,111.1284,12824.48,14.98
2013-09-11,1407.53,111.0532,12825.42,14.33
2013-09-12,1373.25,112.2324,12701.05,14.77
2013-09-13,1354.45,112.3418,12723.4,14.63
2013-09-16,1360.62,109.4151,12816.88,14.41
2013-09-17,1348.33,107.876,12834.11,13.93
2013-09-18,1336.54,109.9409,12931.4,13.15
2013-09-19,1405.38,108.6469,12926.78,13.41
2013-09-20,1373.0,108.0498,12806.47,13.43
2013-09-23,1364.56,106.335,12811.18,14.17
2013-09-24,1355.58,106.4183,12848.89,13.24
2013-09-25,1377.78,105.5646,12836.71,13.25
2013-09-26,1364.68,105.9927,12841.62,12.91
2013-09-27,1379.37,105.9561,12844.08,13.77
2013-09-30,1367.67,105.6812,12787.19,14.47
2013-10-01,1327.42,104.94200000000001,12847.44,13.62
2013-10-02,1364.96,107.2928,12839.0,14.67
2013-10-03,1361.37,106.4314,12735.12,14.99
2013-10-04,1348.4,106.6892,12758.65,14.03
2013-10-07,1366.34,106.4028,12788.25,15.63
2013-10-08,1372.94,107.3021,12692.41,16.67
2013-10-09,1358.24,105.4999,12730.33,16.54
2013-10-10,1348.24,106.762,12894.41,13.52
2013-10-11,1312.36,105.4036,12892.11,14.32
2013-10-15,1321.5,104.8689,12931.46,13.97
2013-10-16,1323.97,105.4959,12957.21,13.11
2013-10-17,1361.08,103.8122,13036.36,11.99
2013-10-18,1351.99,104.0278,13136.09,11.22
2013-10-21,1355.41,102.5047,13186.53,12.02
2013-10-22,1380.75,101.0331,13248.06,12.35
2013-10-23,1385.01,100.8224,13243.32,11.62
2013-10-24,1407.04,101.2276,13324.75,11.43
2013-10-25,1413.17,102.2586,13399.42,11.3
2013-10-28,1412.01,102.8146,13371.84,12.39
2013-10-29,1408.44,102.177,13440.61,12.01
2013-10-30,1413.6,101.1206,13455.33,12.18
2013-10-31,1380.62,100.4913,13361.26,12.78
2013-11-01,1368.38,98.5929,13337.46,13.17
2013-11-04,1370.09,98.4943,13361.78,13.3
2013-11-05,1367.34,97.9756,13361.71,12.64
2013-11-06,1372.89,98.8758,13380.41,12.1
2013-11-07,1368.48,98.6922,13294.2,12.52
2013-11-08,1346.01,98.8605,13378.33,13.02
2013-11-11,1341.92,99.4777,13358.39,15.27
2013-11-12,1334.21,97.6866,13326.04,13.72
2013-11-13,1325.98,97.8082,13370.66,14.26
2013-11-14,1345.54,98.3938,13431.38,14.63
2013-11-15,1343.88,97.8539,13482.57,12.49
2013-11-18,1326.87,97.6785,13458.06,13.6
2013-11-19,1333.26,98.2527,13442.77,12.96
2013-11-20,1314.83,97.9768,13430.01,12.49
2013-11-21,1307.85,100.2158,13475.33,12.17
2013-11-22,1308.1,99.6943,13478.34,11.42
2013-11-25,1308.63,99.3875,13472.22,11.38
2013-11-26,1308.67,98.6271,13349.77,12.04
2013-11-27,1311.51,97.6656,13362.06,12.18
2013-11-28,1316.19,97.6904,13370.83,13.34
2013-11-29,1327.46,98.4911,13395.4,12.65
2013-12-02,1301.01,100.1075,13419.57,15.02
2013-12-03,1300.79,103.3313,13319.87,13.87
2013-12-04,1333.4,103.6514,13304.92,14.86
2013-12-05,1313.87,103.7882,13200.4,12.58
2013-12-06,1308.55,104.0357,13280.72,12.83
2013-12-09,1312.89,103.5643,13312.78,12.96
2013-12-10,1338.42,104.7297,13324.01,12.71
2013-12-11,1332.73,103.1586,13133.42,13.46
2013-12-12,1304.39,103.69200000000001,13114.39,13.59
2013-12-13,1308.03,102.1417,13125.7,13.64
2013-12-16,1319.81,103.3293,13184.41,13.67
2013-12-17,1305.9,103.4347,13180.16,13.35
2013-12-18,1322.88,104.8769,13334.73,14.58
2013-12-19,1274.39,105.4358,13392.2,14.33
2013-12-20,1281.61,105.4771,13399.6,12.13
2013-12-23,1270.97,104.7039,13447.7,14.41
2013-12-24,1281.2,105.29799999999999,13518.02,10.3
2013-12-27,1301.89,107.2023,13587.98,10.49
2013-12-30,1280.98,105.7563,13581.39,10.75
2013-12-31,1276.44,104.9181,13621.55,11.94
2014-01-02,1307.22,101.8118,13594.19,11.73
2014-01-03,1317.03,100.21600000000001,13548.86,11.38
2014-01-06,1318.91,99.8884,13495.54,13.33
2014-01-07,1323.5,101.2324,13596.93,13.44
2014-01-08,1325.65,100.1632,13614.63,12.04
2014-01-09,1332.57,100.1215,13629.41,14.03
2014-01-10,1358.21,101.1278,13747.52,14.58
2014-01-13,1358.79,99.7444,13681.48,15.96
2014-01-14,1362.96,101.3373,13692.38,15.87
2014-01-15,1354.0,103.4618,13772.58,15.39
2014-01-16,1355.49,102.9838,13831.58,11.29
2014-01-17,1372.03,103.4021,13888.21,11.22
2014-01-20,1374.1,102.9065,13990.29,10.88
2014-01-21,1362.32,104.4131,13951.77,10.28
2014-01-22,1373.61,107.2858,13988.2,9.21
2014-01-23,1401.64,108.0599,13932.97,11.07
2014-01-24,1402.04,107.3927,13717.76,12.31
2014-01-27,1404.62,106.3865,13582.29,14.15
2014-01-28,1394.96,108.2418,13687.66,13.31
2014-01-29,1410.12,109.1692,13643.22,12.12
2014-01-30,1385.92,109.3957,13735.28,13.62
2014-01-31,1380.19,108.4729,13694.94,13.15
2014-02-03,1401.38,107.3255,13486.2,15.99
2014-02-04,1387.39,108.3734,13504.48,14.87
2014-02-05,1393.44,108.0007,13559.69,15.94
2014-02-06,1392.07,108.3982,13713.4,14.08
2014-02-07,1393.6,110.4095,13786.5,14.91
2014-02-10,1409.4,110.5636,13794.18,11.72
2014-02-11,1419.88,110.5944,13880.99,11.87
2014-02-12,1424.97,110.2837,13900.49,13.42
2014-02-13,1427.44,110.024,14001.65,11.66
2014-02-14,1448.18,110.2087,14054.76,9.04
2014-02-18,1450.14,112.2211,14077.47,14.55
2014-02-19,1463.11,113.9105,14119.73,13.47
2014-02-20,1461.66,114.1175,14210.37,11.46
2014-02-21,1470.84,113.7577,14205.72,13.2
2014-02-24,1479.77,113.5021,14227.08,14.25
2014-02-25,1488.58,113.0603,14188.98,12.11
2014-02-26,1477.91,113.9875,14188.58,13.71
2014-02-27,1480.87,113.4271,14214.74,11.75
2014-02-28,1462.21,113.5743,14209.59,11.87
2014-03-03,1495.29,115.9675,14212.74,13.37
2014-03-04,1483.81,114.5805,14289.86,12.67
2014-03-05,1478.11,111.3913,14304.17,13.64
2014-03-06,1484.9,111.8565,14271.92,9.29
2014-03-07,1483.15,113.8021,14299.08,13.71
2014-03-10,1490.11,112.1899,14302.06,14.31
2014-03-11,1495.28,110.4996,14267.23,13.53
2014-03-12,1523.91,109.0726,14319.0,13.0
2014-03-13,1519.6,108.7306,14245.14,13.19
2014-03-14,1531.37,109.9388,14227.66,13.71
2014-03-17,1517.69,107.8525,14231.89,12.89
2014-03-18,1513.36,109.5962,14368.98,11.32
2014-03-19,1507.87,111.5105,14334.04,11.51
2014-03-20,1495.62,110.9411,14361.83,12.57
2014-03-21,1499.27,111.7804,14335.76,10.38
2014-03-24,1467.49,111.2725,14278.55,11.5
2014-03-25,1464.43,110.8546,14299.49,12.97
2014-03-26,1447.1,111.1825,14184.1,13.22
2014-03-27,1428.24,111.81299999999999,14178.84,12.32
2014-03-28,1431.04,112.363,14260.72,11.52
2014-03-31,1418.12,112.0856,14335.31,10.87
2014-04-01,1410.49,109.8742,14380.55,10.86
2014-04-02,1423.61,109.4833,14459.11,9.19
2014-04-03,1417.35,110.8197,14402.21,11.48
2014-04-04,1431.14,111.01700000000001,14393.1,10.25
2014-04-07,1424.65,110.5867,14270.33,11.79
2014-04-08,1429.65,111.8001,14372.45,12.15
2014-04-09,1420.1,112.5146,14435.58,11.79
2014-04-10,1443.68,112.9739,14308.0,11.75
2014-04-11,1448.17,113.5051,14257.69,13.59
2014-04-14,1454.47,113.5059,14284.43,11.69
2014-04-15,1427.16,114.0324,14303.92,11.87
2014-04-16,1434.82,114.3731,14446.52,10.8
2014-04-17,1423.04,114.1573,14500.39,9.58
2014-04-21,1418.19,114.05,14493.68,10.07
2014-04-22,1412.06,112.4674,14555.97,10.62
2014-04-23,1416.81,112.0138,14533.39,9.7
2014-04-24,1422.35,112.307,14554.25,11.82
2014-04-25,1435.81,111.1359,14533.57,11.26
2014-04-28,1432.72,111.1918,14530.91,11.86
2014-04-29,1418.25,110.2614,14583.11,11.38
2014-04-30,1420.15,109.3894,14651.87,10.7
2014-05-01,1405.98,108.8812,14664.07,10.59
2014-05-02,1429.39,109.6425,14765.15,10.29
2014-05-05,1434.05,108.9323,14697.03,11.12
2014-05-06,1425.16,108.7554,14612.29,12.61
2014-05-07,1404.62,109.9151,14656.4,11.28
2014-05-08,1394.35,108.5988,14546.03,12.8
2014-05-09,1402.59,109.0468,14534.06,12.18
2014-05-12,1411.64,109.5741,14654.94,13.18
2014-05-13,1411.78,111.1168,14679.81,13.52
2014-05-14,1421.71,111.0299,14673.73,11.28
2014-05-15,1408.27,110.4998,14588.89,11.49
2014-05-16,1404.23,110.4442,14514.74,11.79
2014-05-20,1412.28,112.2503,14525.19,10.02
2014-05-21,1405.65,113.2756,14649.86,10.24
2014-05-22,1410.26,112.9456,14702.29,9.2
2014-05-23,1403.0,113.3568,14708.1,10.06
2014-05-26,1403.52,113.1798,14715.69,10.94
2014-05-27,1373.49,113.0007,14658.02,10.56
2014-05-28,1369.25,111.9844,14610.96,11.7
2014-05-29,1361.4,112.1729,14588.95,10.72
2014-05-30,1350.54,111.5831,14604.16,10.83
2014-06-02,1355.68,111.8391,14680.76,10.68
2014-06-03,1357.37,112.2613,14734.69,10.28
2014-06-04,1360.75,111.8804,14796.79,12.1
2014-06-05,1368.95,111.9187,14800.18,10.82
2014-06-06,1369.31,112.3753,14838.9,9.72
2014-06-09,1366.66,114.0117,14871.21,9.92
2014-06-10,1373.38,113.7528,14904.38,9.83
2014-06-11,1370.14,113.5652,14892.13,10.01
2014-06-12,1382.24,116.0892,14909.63,9.68
2014-06-13,1382.65,115.913,15001.61,10.13
2014-06-16,1382.6,115.71799999999999,15040.43,12.78
2014-06-17,1381.08,115.1553,15055.89,9.65
2014-06-18,1378.85,114.806,15109.25,11.2
2014-06-19,1421.14,114.8164,15112.22,9.53
2014-06-20,1416.03,114.7488,15108.97,10.25
2014-06-23,1414.01,113.7829,15105.63,10.45
2014-06-24,1419.56,114.9366,14962.37,11.34
2014-06-25,1417.15,114.4595,14974.65,11.16
2014-06-26,1406.84,112.9368,15030.74,10.44
2014-06-27,1407.08,112.7568,15094.25,9.93
2014-06-30,1573.94,112.6261,15146.01,10.77
2014-07-02,1583.62,111.1327,15209.79,9.84
2014-07-03,1569.12,110.7676,15207.11,10.33
2014-07-04,1407.88,110.5525,15214.96,7.8
2014-07-07,1572.82,110.4777,15172.93,10.77
2014-07-08,1571.17,110.4556,15137.18,11.42
2014-07-09,1576.33,108.4902,15215.19,11.93
2014-07-10,1591.97,109.5018,15114.48,11.67
2014-07-11,1602.34,107.9326,15125.5,11.31
2014-07-14,1564.59,108.1265,15171.23,11.21
2014-07-15,1561.55,107.755,15081.32,11.22
2014-07-16,1562.73,108.9243,15226.34,10.78
2014-07-17,1584.27,111.7991,15204.48,11.37
2014-07-18,1571.74,109.2244,15266.57,10.9
2014-07-21,1577.84,110.338,15249.99,11.55
2014-07-22,1569.42,109.4923,15315.13,10.63
2014-07-23,1566.68,110.7413,15394.38,10.72
2014-07-24,1555.4,109.5894,15394.45,10.88
2014-07-25,1579.04,110.2507,15455.04,10.88
2014-07-28,1578.32,109.6375,15445.22,11.51
2014-07-29,1580.96,109.536,15446.55,11.51
2014-07-30,1587.55,108.3852,15524.82,12.14
2014-07-31,1572.15,106.6034,15330.74,13.42
2014-08-01,1584.0,106.5624,15215.26,13.9
2014-08-05,1577.16,107.0715,15187.71,13.83
2014-08-06,1596.66,105.7783,15202.09,13.74
2014-08-07,1603.43,106.5146,15118.43,14.4
2014-08-08,1608.58,106.9848,15196.31,14.71
2014-08-11,1600.59,106.8999,15261.64,14.47
2014-08-12,1600.9,106.2576,15274.23,13.99
2014-08-13,1601.81,106.2182,15262.73,12.99
2014-08-14,1601.55,104.2284,15291.18,13.2
2014-08-15,1590.11,105.9164,15304.24,11.71
2014-08-18,1581.88,102.2988,15338.47,11.55
2014-08-19,1585.51,101.5898,15477.17,9.74
2014-08-20,1589.34,102.6676,15561.95,12.2
2014-08-21,1564.02,102.7239,15556.09,10.41
2014-08-22,1570.07,102.1836,15535.55,9.48
2014-08-25,1574.14,102.6747,15598.74,10.99
2014-08-26,1576.45,102.7996,15619.21,11.69
2014-08-27,1561.17,101.8787,15602.65,10.52
2014-08-28,1568.15,102.6793,15558.17,11.82
2014-08-29,1567.23,104.2805,15625.73,10.38
2014-09-02,1550.99,101.7577,15619.08,11.05
2014-09-03,1552.16,103.6106,15657.63,10.84
2014-09-04,1546.82,102.8808,15576.79,11.37
2014-09-05,1548.47,101.6564,15569.92,11.25
2014-09-08,1547.63,102.2542,15509.39,11.59
2014-09-09,1542.5,102.111,15536.81,11.74
2014-09-10,1533.08,100.5764,15471.89,9.73
2014-09-11,1539.5,102.6759,15534.32,11.35
2014-09-12,1539.61,102.3395,15531.58,10.37
2014-09-15,1538.37,102.5467,15482.56,12.99
2014-09-16,1528.08,103.9728,15510.54,11.15
2014-09-17,1531.02,102.228,15458.88,12.08
2014-09-18,1512.9,100.6246,15465.54,11.65
2014-09-19,1505.26,100.6539,15265.35,12.74
2014-09-22,1517.61,100.36399999999999,15129.0,12.86
2014-09-23,1525.81,101.5081,15125.67,13.11
2014-09-24,1520.23,102.8281,15120.54,13.31
2014-09-25,1529.16,102.7086,14893.57,13.83
2014-09-26,1528.44,104.1683,15026.77,13.89
2014-09-29,1533.49,105.2041,14976.92,14.54
2014-09-30,1530.46,102.4518,14960.51,14.39
2014-10-01,1529.58,101.4398,14805.44,16.31
2014-10-02,1526.56,101.6315,14760.64,16.27
2014-10-03,1514.39,100.86200000000001,14789.78,15.55
2014-10-06,1514.75,100.709,14743.12,15.06
2014-10-07,1523.92,98.8204,14576.45,15.59
2014-10-08,1493.06,97.5635,14666.47,15.24
2014-10-09,1519.91,94.7062,14460.6,16.02
2014-10-10,1516.07,95.7732,14227.36,18.67
2014-10-14,1535.41,93.0863,14036.68,19.69
2014-10-15,1532.13,91.1855,13869.88,21.81
2014-10-16,1528.03,93.4639,14052.97,20.48
2014-10-17,1532.09,92.7692,14227.68,18.21
2014-10-20,1539.67,92.4533,14337.77,15.93
2014-10-21,1539.45,92.9192,14547.71,14.07
2014-10-22,1535.68,90.3594,14312.07,15.79
2014-10-23,1518.36,91.8755,14486.83,14.76
2014-10-24,1521.79,91.3288,14543.82,15.25
2014-10-27,1521.09,90.7496,14469.0,14.95
2014-10-28,1510.27,91.0138,14624.25,14.61
2014-10-29,1508.5,91.7508,14527.57,15.1
2014-10-30,1479.92,90.6569,14458.69,14.64
2014-10-31,1460.0,90.8696,14613.32,15.74
2014-11-03,1470.24,88.9205,14537.62,16.52
2014-11-04,1472.27,88.1367,14390.43,16.88
2014-11-05,1443.81,89.8582,14548.26,17.1
2014-11-06,1444.37,88.9785,14563.38,17.31
2014-11-07,1462.39,88.8716,14690.83,15.78
2014-11-10,1458.18,87.8033,14709.8,15.93
2014-11-11,1456.37,87.9174,14760.27,15.66
2014-11-12,1448.91,87.1541,14856.2,14.99
2014-11-13,1456.47,84.6238,14778.77,15.25
2014-11-14,1473.76,85.6604,14843.1,14.76
2014-11-17,1473.94,85.1867,14882.5,16.19
2014-11-18,1485.94,84.0885,14972.97,16.19
2014-11-19,1489.45,84.35600000000001,14980.15,14.95
2014-11-20,1478.98,86.6436,15075.18,14.54
2014-11-21,1477.88,86.1429,15111.13,13.46
2014-11-24,1482.29,85.4275,15015.41,14.46
2014-11-25,1480.91,82.9979,15073.65,13.64
2014-11-26,1478.13,82.7633,15038.41,13.89
2014-11-27,1347.08,77.7328,14922.44,14.76
2014-11-28,1473.8,75.4715,14744.7,14.15
2014-12-01,1509.74,78.1471,14625.32,16.02
2014-12-02,1499.77,77.2547,14620.07,15.54
2014-12-03,1506.76,76.668,14754.06,14.46
2014-12-04,1507.69,75.8766,14469.95,15.8
2014-12-05,1499.43,75.0197,14473.7,14.59
2014-12-08,1508.9,72.2192,14144.17,17.7
2014-12-09,1545.03,72.3711,14195.73,17.6
2014-12-10,1544.78,70.0968,13852.95,18.04
2014-12-11,1546.61,68.2323,13905.12,20.0
2014-12-12,1544.48,66.5364,13731.05,21.44
2014-12-15,1537.93,64.9279,13705.14,22.86
2014-12-16,1514.13,64.3927,13861.52,23.65
2014-12-17,1514.83,66.0245,14213.88,21.59
2014-12-18,1509.32,63.863,14346.75,17.59
2014-12-19,1514.62,67.1345,14468.26,18.14
2014-12-22,1499.65,64.4344,14432.38,17.17
2014-12-23,1498.08,65.95100000000001,14594.03,15.88
2014-12-24,1494.54,64.2925,14609.25,16.16
2014-12-29,1504.07,62.3862,14663.92,17.1
2014-12-30,1523.34,62.3439,14640.04,16.48
2014-12-31,1505.23,61.3478,14632.44,17.43
2015-01-02,1529.22,62.0403,14753.65,17.17
2015-01-05,1545.11,58.8882,14392.7,19.5
2015-01-06,1564.92,56.7662,14246.77,20.07
2015-01-07,1552.17,57.4106,14285.0,19.78
2015-01-08,1551.64,58.3483,14457.72,18.95
2015-01-09,1563.49,57.1808,14384.92,19.26
2015-01-12,1596.26,54.748000000000005,14265.01,22.72
2015-01-13,1595.53,55.0354,14187.16,23.51
2015-01-14,1583.0,59.0856,14084.43,24.85
2015-01-15,1617.99,55.7912,14041.82,24.52
2015-01-16,1635.79,58.626000000000005,14309.41,21.6
2015-01-19,1523.28,57.1233,14312.5,21.06
2015-01-20,1668.56,56.638999999999996,14308.44,21.34
2015-01-21,1701.1,58.3757,14560.42,18.74
2015-01-22,1721.18,58.6145,14763.98,18.0
2015-01-23,1717.09,56.2855,14779.35,17.7
2015-01-26,1709.83,56.3637,14797.83,18.86
2015-01-27,1710.73,56.3922,14833.88,17.25
2015-01-28,1714.14,55.6822,14602.88,19.98
2015-01-29,1676.72,56.239,14637.28,19.9
2015-01-30,1718.36,60.7483,14673.48,20.37
2015-02-02,1692.71,63.3953,14900.47,18.95
2015-02-03,1654.21,64.5457,15062.88,19.06
2015-02-04,1589.09,61.1541,14995.65,18.65
2015-02-05,1662.4,63.7875,15124.92,18.56
2015-02-06,1646.54,65.3145,15083.92,18.33
2015-02-09,1647.84,65.4747,15100.7,19.0
2015-02-10,1653.07,63.8983,15112.52,18.5
2015-02-11,1643.76,62.1447,15151.5,18.19
2015-02-12,1626.69,64.1003,15228.52,17.46
2015-02-13,1627.29,65.5793,15264.81,17.92
2015-02-17,1600.87,66.8273,15284.61,17.28
2015-02-18,1598.58,63.8343,15212.75,17.32
2015-02-19,1610.72,64.8994,15180.33,17.13
2015-02-20,1610.12,63.64,15172.24,16.78
2015-02-23,1609.73,62.0898,15200.26,15.64
2015-02-24,1591.69,61.495,15164.97,15.57
2015-02-25,1589.35,63.2937,15228.57,14.86
2015-02-26,1611.94,61.1169,15241.16,14.75
2015-02-27,1615.26,61.8445,15234.34,14.67
2015-03-02,1614.39,62.4663,15264.05,15.14
2015-03-03,1607.15,63.0131,15133.85,15.87
2015-03-04,1594.08,64.1853,15082.84,16.01
2015-03-05,1595.83,63.6187,15103.11,15.37
2015-03-06,1574.66,62.7673,14952.5,16.53
2015-03-09,1575.3,63.0024,14854.49,17.22
2015-03-10,1573.53,61.7866,14641.76,17.74
2015-03-11,1568.99,61.6437,14739.2,17.62
2015-03-12,1561.59,59.736999999999995,14770.72,16.79
2015-03-13,1573.44,57.5395,14731.5,17.01
2015-03-16,1572.74,55.9726,14862.76,17.46
2015-03-17,1568.41,57.027,14898.53,17.07
2015-03-18,1544.99,58.5092,14962.24,16.83
2015-03-19,1579.11,57.9473,14873.93,16.59
2015-03-20,1577.38,58.326,14942.41,15.23
2015-03-23,1577.33,59.306000000000004,14957.21,15.07
2015-03-24,1578.21,59.282,15081.26,15.22
2015-03-25,1588.61,61.2428,14929.37,15.7
2015-03-26,1596.55,63.7626,14869.8,16.47
2015-03-27,1606.23,61.1622,14812.42,17.76
2015-03-30,1594.93,61.5886,14908.39,15.47
2015-03-31,1591.22,60.4645,14902.44,17.02
2015-04-01,1610.75,62.4642,14942.55,17.0
2015-04-02,1594.93,62.2168,15026.62,14.97
2015-04-06,1606.44,64.7306,15100.65,15.68
2015-04-07,1601.3,66.0859,15188.84,16.1
2015-04-08,1596.76,63.8544,15213.6,14.32
2015-04-09,1589.63,63.8089,15326.31,14.59
2015-04-10,1602.94,64.9704,15388.43,14.11
2015-04-13,1599.45,65.4148,15383.59,14.81
2015-04-14,1573.35,66.7969,15389.28,14.38
2015-04-15,1558.74,68.9498,15450.87,15.67
2015-04-16,1541.55,69.0654,15386.77,15.75
2015-04-17,1555.92,70.5321,15360.55,13.56
2015-04-20,1541.93,70.6758,15412.6,13.74
2015-04-21,1560.97,69.1289,15346.44,15.07
2015-04-22,1537.81,68.9094,15304.77,12.8
2015-04-23,1534.91,69.9628,15392.35,12.88
2015-04-24,1513.09,69.7476,15408.33,12.9
2015-04-27,1536.38,68.513,15344.08,13.19
2015-04-28,1544.59,68.4708,15346.07,13.28
2015-04-29,1540.87,70.3949,15347.34,13.19
2015-04-30,1515.52,72.2324,15224.52,14.01
2015-05-01,1517.63,71.9801,15339.77,13.37
2015-05-04,1525.34,71.3564,15367.47,14.79
2015-05-05,1532.76,73.4161,15173.94,14.94
2015-05-06,1528.37,72.71600000000001,15023.89,15.65
2015-05-07,1528.81,71.4765,15088.82,14.91
2015-05-08,1526.44,71.7399,15170.02,13.76
2015-05-11,1524.21,71.765,15152.64,15.7
2015-05-12,1524.87,73.582,15043.15,16.41
2015-05-13,1547.35,71.8061,14980.72,16.23
2015-05-14,1559.02,72.7097,15028.12,15.16
2015-05-15,1562.64,73.0296,15108.12,13.24
2015-05-19,1569.91,71.4166,15121.02,12.87
2015-05-20,1569.21,71.6701,15072.83,13.11
2015-05-21,1561.48,74.1164,15203.61,12.09
2015-05-22,1573.8,73.5677,15200.76,12.01
2015-05-25,1486.4,73.7236,15187.4,12.8
2015-05-26,1571.8,72.6155,15050.81,13.44
2015-05-27,1572.16,71.8877,15110.47,12.87
2015-05-28,1572.37,72.3152,15107.0,13.18
2015-05-29,1574.18,75.08800000000001,15014.09,13.74
2015-06-01,1583.27,75.4054,15074.13,14.71
2015-06-02,1577.13,75.6249,15104.74,13.71
2015-06-03,1573.78,74.3136,15154.68,12.96
2015-06-04,1568.02,72.4613,15019.39,13.65
2015-06-05,1555.67,73.3846,14957.16,14.03
2015-06-08,1558.7,72.3585,14743.33,15.86
2015-06-09,1555.58,74.7149,14817.71,14.56
2015-06-10,1559.56,74.9235,14889.04,14.0
2015-06-11,1556.78,74.4584,14830.88,13.87
2015-06-12,1558.84,73.9677,14741.15,14.02
2015-06-15,1565.14,73.3615,14756.05,15.42
2015-06-16,1553.23,73.7692,14753.05,14.79
2015-06-17,1541.82,73.6151,14732.98,14.71
2015-06-18,1570.28,74.3701,14770.64,13.23
2015-06-19,1574.14,73.2975,14653.12,13.71
2015-06-22,1558.47,74.0809,14790.48,14.15
2015-06-23,1551.58,75.3605,14904.91,12.73
2015-06-24,1553.79,74.5935,14947.51,12.92
2015-06-25,1546.42,73.57300000000001,14897.5,12.85
2015-06-26,1548.53,73.4632,14808.09,12.45
2015-06-29,1564.98,72.2795,14490.15,14.4
2015-06-30,1567.72,73.6608,14553.33,13.54
2015-07-02,1561.76,70.9397,14637.99,13.13
2015-07-03,1468.38,69.8361,14682.39,13.26
2015-07-06,1587.3,66.9052,14593.57,12.32
2015-07-07,1566.95,67.1173,14624.5,12.8
2015-07-08,1583.54,66.1609,14412.07,12.54
2015-07-09,1574.06,67.1129,14278.49,14.25
2015-07-10,1570.38,66.8822,14411.07,13.6
2015-07-13,1471.78,66.2446,14533.22,8.4
2015-07-14,1573.23,67.9125,14599.4,9.15
2015-07-15,1588.92,66.7371,14662.28,12.93
2015-07-16,1589.64,66.5335,14731.08,10.7
2015-07-17,1575.69,66.3234,14642.84,9.5
2015-07-20,1545.81,65.4015,14425.55,10.13
2015-07-21,1532.44,65.4948,14376.24,10.1
2015-07-22,1527.11,64.1633,14307.12,12.42
2015-07-23,1530.57,63.4882,14265.37,12.38
2015-07-24,1518.99,62.7018,14186.24,12.89
2015-07-27,1531.22,61.3643,14001.37,14.01
2015-07-28,1517.57,61.7003,14077.36,13.49
2015-07-29,1516.7,63.3978,14301.8,14.06
2015-07-30,1517.29,63.1402,14382.78,13.15
2015-07-31,1527.42,61.2724,14468.44,13.75
2015-08-04,1533.91,60.5195,14491.05,15.13
2015-08-05,1530.38,59.5457,14502.99,14.53
2015-08-06,1527.85,58.7099,14405.91,15.3
2015-08-07,1535.78,57.5105,14302.7,14.57
2015-08-10,1533.8,58.3022,14466.39,13.8
2015-08-11,1549.36,56.6899,14414.67,16.15
2015-08-12,1553.34,56.2936,14339.53,16.68
2015-08-13,1552.55,54.8304,14238.4,16.24
2015-08-14,1552.75,55.1586,14277.88,16.07
2015-08-17,1558.85,55.5075,14251.53,17.29
2015-08-18,1554.53,55.8979,14193.87,17.25
2015-08-19,1576.87,53.9121,14036.63,17.89
2015-08-20,1604.97,53.7498,13737.0,21.17
2015-08-21,1622.89,53.0575,13473.67,24.41
2015-08-24,1624.9,50.9855,13052.74,33.02
2015-08-25,1610.7,52.6574,13150.93,31.95
2015-08-26,1585.8,51.9872,13381.59,26.71
2015-08-27,1572.13,56.2753,13766.67,24.51
2015-08-28,1587.33,59.73,13865.07,23.12
2015-08-31,1577.85,62.7521,13859.12,24.47
2015-09-01,1598.33,58.2972,13481.9,27.32
2015-09-02,1590.23,61.211000000000006,13545.25,25.04
2015-09-03,1564.56,61.5493,13596.41,24.06
2015-09-04,1573.46,60.6765,13478.31,25.41
2015-09-08,1563.73,60.2189,13630.67,24.56
2015-09-09,1544.08,58.6476,13531.85,26.16
2015-09-10,1553.42,60.236999999999995,13569.89,24.69
2015-09-11,1546.29,59.3765,13461.47,25.17
2015-09-14,1551.33,58.5625,13353.34,25.52
2015-09-15,1542.59,59.6416,13462.71,23.78
2015-09-16,1554.66,62.4867,13763.78,22.55
2015-09-17,1554.05,62.0764,13787.16,21.73
2015-09-18,1584.71,59.8255,13646.9,20.49
2015-09-21,1582.05,61.6884,13779.44,21.81
2015-09-22,1570.73,61.7565,13491.09,23.95
2015-09-23,1585.51,59.5472,13383.69,24.12
2015-09-24,1610.8,60.0305,13338.67,24.88
2015-09-25,1604.29,60.4632,13378.57,23.38
2015-09-28,1592.52,59.6064,13004.58,27.61
2015-09-29,1588.19,60.2354,13036.96,26.49
2015-09-30,1554.86,60.336000000000006,13306.96,23.47
2015-10-01,1547.09,59.7965,13241.89,23.79
2015-10-02,1562.52,60.0237,13339.74,22.83
2015-10-05,1553.84,60.5425,13552.2,21.85
2015-10-06,1558.34,63.5782,13647.26,20.9
2015-10-07,1564.3,63.1046,13868.35,19.47
2015-10-08,1554.49,64.5139,13978.66,18.46
2015-10-09,1561.61,64.0842,13964.36,18.57
2015-10-13,1585.34,60.8141,13844.73,19.42
2015-10-14,1588.23,59.8732,13875.33,20.45
2015-10-15,1589.48,61.0234,13828.97,19.77
2015-10-16,1588.82,61.6147,13838.1,19.3
2015-10-19,1588.44,60.5598,13758.38,19.49
2015-10-20,1590.08,59.6857,13841.92,19.82
2015-10-21,1594.8,59.2268,13704.19,19.57
2015-10-22,1586.78,59.4236,13878.11,17.71
2015-10-23,1590.71,58.9204,13953.66,17.96
2015-10-26,1591.35,57.7285,13790.9,17.83
2015-10-27,1602.28,57.5003,13699.6,19.43
2015-10-28,1607.84,60.7157,13863.16,17.74
2015-10-29,1569.28,60.2233,13791.88,18.17
2015-10-30,1549.37,60.6895,13529.17,19.55
2015-11-02,1545.11,60.6729,13623.01,19.69
2015-11-03,1512.8,62.4553,13710.31,18.92
2015-11-04,1513.02,61.1639,13661.82,19.11
2015-11-05,1513.76,59.8232,13558.78,18.69
2015-11-06,1513.64,59.2535,13553.3,17.92
2015-11-09,1512.95,58.5596,13482.62,19.34
2015-11-10,1512.01,57.9357,13411.63,18.92
2015-11-11,1505.11,57.1261,13341.93,19.36
2015-11-12,1503.26,55.3365,13127.18,20.88
2015-11-13,1506.46,54.2736,13075.42,21.45
2015-11-16,1509.27,55.8044,13317.52,21.58
2015-11-17,1487.08,55.9696,13280.39,21.09
2015-11-18,1484.9,56.086999999999996,13399.97,18.93
2015-11-19,1494.49,55.7483,13473.83,18.67
2015-11-20,1499.07,55.3652,13433.49,18.03
2015-11-23,1489.31,56.263000000000005,13382.38,17.94
2015-11-24,1491.55,56.8323,13407.83,17.97
2015-11-25,1485.32,57.2892,13403.42,17.4
2015-11-26,1423.37,56.6247,13425.19,16.97
2015-11-27,1476.27,55.8401,13368.24,17.58
2015-11-30,1488.04,55.6336,13469.83,17.38
2015-12-01,1484.71,55.6649,13636.06,16.57
2015-12-02,1470.51,53.6194,13463.82,17.07
2015-12-03,1482.84,55.1749,13324.67,18.67
2015-12-04,1513.83,53.6185,13358.77,17.11
2015-12-07,1516.73,51.0194,13042.83,18.77
2015-12-08,1526.42,51.6103,12922.47,19.91
2015-12-09,1527.02,50.7366,12937.59,20.75
2015-12-10,1525.75,49.9216,13016.59,20.98
2015-12-11,1545.25,48.628,12789.95,22.95
2015-12-14,1525.89,49.6896,12695.49,22.95
2015-12-15,1523.27,50.5447,12919.57,22.42
2015-12-16,1550.09,50.9253,13166.08,19.97
2015-12-17,1529.68,50.2907,13009.93,21.6
2015-12-18,1553.03,50.0369,13024.3,19.58
2015-12-21,1577.47,50.0347,13034.38,19.9
2015-12-22,1564.03,50.7742,13082.86,17.69
2015-12-23,1547.77,52.4023,13284.91,16.85
2015-12-24,1555.2,52.7792,13309.8,17.28
2015-12-29,1547.9,51.5616,13245.75,18.87
2015-12-30,1541.15,50.9545,13142.29,19.31
2015-12-31,1537.16,51.8744,13009.95,19.49
2016-01-04,1570.11,51.391999999999996,12927.15,21.65
2016-01-05,1579.01,50.7142,12920.14,20.2
2016-01-06,1606.67,48.1457,12726.8,21.83
2016-01-07,1626.68,46.9769,12448.21,24.84
2016-01-08,1617.97,46.6074,12445.45,25.57
2016-01-11,1618.71,44.5415,12319.25,24.72
2016-01-12,1607.76,43.775,12373.9,24.21
2016-01-13,1616.72,44.1458,12170.41,27.0
2016-01-14,1599.05,45.9479,12336.03,23.13
2016-01-15,1639.43,44.5809,12073.46,27.57
2016-01-18,1585.35,43.6856,11942.17,26.21
2016-01-19,1641.25,43.0256,12002.24,24.84
2016-01-20,1655.98,41.3572,11843.11,26.86
2016-01-21,1617.03,42.5781,12035.86,26.43
2016-01-22,1598.96,45.535,12389.58,24.04
2016-01-25,1632.84,42.5737,12143.16,26.49
2016-01-26,1633.82,43.273,12331.32,24.88
2016-01-27,1626.5,45.2137,12377.77,24.46
2016-01-28,1618.69,47.0721,12591.93,23.43
2016-01-29,1609.61,47.1742,12822.13,22.3
2016-02-01,1622.87,43.691,12674.37,24.37
2016-02-02,1632.38,41.6954,12442.26,25.57
2016-02-03,1618.85,44.7896,12593.02,25.6
2016-02-04,1635.99,43.4409,12774.5,25.86
2016-02-05,1655.07,43.1321,12763.99,24.6
2016-02-08,1712.2,42.0336,12535.4,27.95
2016-02-09,1703.51,39.4095,12282.65,31.94
2016-02-10,1704.64,38.097,12185.72,30.78
2016-02-11,1774.8,37.9845,12087.37,31.99
2016-02-12,1748.41,40.2739,12381.24,29.87
2016-02-16,1708.39,40.5614,12554.98,27.51
2016-02-17,1693.14,46.1156,12867.16,24.87
2016-02-18,1721.11,44.8356,12931.36,23.98
2016-02-19,1733.07,43.9914,12813.4,23.65
2016-02-22,1696.86,45.5982,12845.63,23.83
2016-02-23,1728.14,43.3246,12763.44,25.79
2016-02-24,1738.28,44.1335,12740.27,25.69
2016-02-25,1716.28,44.8041,12753.6,25.01
2016-02-26,1689.59,44.3902,12797.79,24.97
2016-02-29,1712.43,45.7001,12860.35,25.44
2016-03-01,1693.08,45.4747,12982.1,21.96
2016-03-02,1710.05,46.5138,13017.93,21.41
2016-03-03,1731.94,46.5743,13123.65,20.71
2016-03-04,1740.48,48.3444,13212.5,22.11
2016-03-07,1728.59,50.357,13383.6,21.21
2016-03-08,1745.17,48.9691,13311.05,22.47
2016-03-09,1716.01,50.6574,13392.9,21.94
2016-03-10,1750.43,50.7257,13379.14,22.0
2016-03-11,1720.16,50.8435,13522.0,18.26
2016-03-14,1705.44,49.5175,13477.54,21.26
2016-03-15,1698.32,49.3066,13400.31,21.2
2016-03-16,1666.54,52.9123,13478.13,19.14
2016-03-17,1693.82,53.9685,13621.3,18.69
2016-03-18,1681.62,53.5159,13497.07,19.06
2016-03-21,1682.43,54.4093,13561.09,18.66
2016-03-22,1683.37,53.6714,13493.49,19.25
2016-03-23,1671.07,52.2663,13379.48,18.8
2016-03-24,1674.26,52.4315,13358.11,18.04
2016-03-28,1664.29,51.9981,13390.19,19.36
2016-03-29,1670.33,50.4588,13426.23,19.14
2016-03-30,1644.71,49.3678,13503.98,18.35
2016-03-31,1654.83,49.7144,13494.36,18.45
2016-04-01,1639.86,47.6888,13440.44,18.45
2016-04-04,1643.81,46.3668,13336.15,18.31
2016-04-05,1663.38,48.0544,13304.66,19.03
2016-04-06,1649.61,49.5069,13347.46,18.34
2016-04-07,1674.29,49.4412,13266.44,19.07
2016-04-08,1660.78,51.5088,13396.73,17.91
2016-04-11,1669.12,51.8887,13422.76,17.86
2016-04-12,1656.33,53.251999999999995,13581.42,17.23
2016-04-13,1647.1,53.3442,13671.35,15.79
2016-04-14,1623.12,53.1845,13668.29,15.21
2016-04-15,1629.95,53.5519,13637.2,16.19
2016-04-18,1625.93,52.9829,13719.82,14.17
2016-04-19,1637.48,53.2032,13867.28,13.89
2016-04-20,1637.31,55.5184,13911.29,12.83
2016-04-21,1644.17,55.2108,13881.2,14.32
2016-04-22,1609.4,55.4317,13874.0,14.28
2016-04-25,1623.89,54.4831,13795.99,16.02
2016-04-26,1618.23,56.123000000000005,13809.44,16.26
2016-04-27,1626.94,56.8878,13887.66,15.42
2016-04-28,1641.9,57.3438,13886.43,15.57
2016-04-29,1672.99,57.7528,13951.45,15.64
2016-05-02,1677.02,56.1741,13865.63,16.33
2016-05-03,1697.11,55.6094,13707.68,18.73
2016-05-04,1692.96,57.0371,13632.0,17.04
2016-05-05,1685.22,57.1545,13632.01,17.74
2016-05-06,1721.18,57.5394,13701.47,13.95
2016-05-09,1692.85,56.1392,13563.84,18.04
2016-05-10,1684.01,57.5765,13775.19,16.79
2016-05-11,1691.39,59.0865,13788.21,16.57
2016-05-12,1684.22,59.5567,13787.8,16.36
2016-05-13,1698.98,59.9875,13748.58,16.07
2016-05-16,1695.81,61.7014,13893.49,16.29
2016-05-17,1701.34,63.4992,13917.1,15.67
2016-05-18,1717.41,63.1527,13826.01,15.38
2016-05-19,1701.19,63.9666,13817.32,15.3
2016-05-20,1703.65,63.5727,13919.58,9.56
2016-05-24,1674.54,64.5958,13952.85,14.13
2016-05-25,1654.56,64.6651,14053.74,13.45
2016-05-26,1644.26,64.0251,14049.2,12.97
2016-05-27,1641.58,64.5443,14105.23,12.45
2016-05-30,1581.62,64.5625,14086.67,13.07
2016-05-31,1653.05,63.9875,14065.78,13.71
2016-06-01,1648.36,63.989,14063.54,13.36
2016-06-02,1647.94,64.2594,14136.99,12.81
2016-06-03,1665.68,63.2241,14226.78,12.1
2016-06-06,1656.88,63.6064,14276.16,12.27
2016-06-07,1645.57,64.2538,14365.61,12.18
2016-06-08,1659.64,65.3874,14313.1,13.23
2016-06-09,1676.68,64.282,14240.02,13.9
2016-06-10,1688.83,62.4561,14037.54,16.12
2016-06-13,1709.15,62.18600000000001,13993.88,18.02
2016-06-14,1710.77,61.5077,13884.23,18.6
2016-06-15,1716.43,61.4693,13923.45,17.28
2016-06-16,1737.52,60.4046,13882.41,17.77
2016-06-17,1724.18,62.9767,13901.77,17.28
2016-06-20,1712.8,63.8506,14015.14,15.34
2016-06-21,1689.44,64.3753,14012.32,16.08
2016-06-22,1689.7,63.2616,14003.81,17.87
2016-06-23,1672.88,64.0507,14131.38,15.13
2016-06-24,1782.16,61.8886,13891.88,20.06
2016-06-27,1793.86,61.0999,13689.79,20.02
2016-06-28,1778.49,62.946999999999996,13842.69,16.2
2016-06-29,1778.19,64.0004,14036.74,14.91
2016-06-30,1768.77,62.7487,14064.54,13.07
2016-07-04,1736.67,62.4615,14258.87,14.41
2016-07-05,1827.49,60.7772,14219.57,15.03
2016-07-06,1835.77,62.0227,14231.06,14.97
2016-07-07,1832.4,58.8684,14134.46,15.32
2016-07-08,1834.22,58.8745,14259.84,14.06
2016-07-11,1843.17,58.5431,14361.88,13.26
2016-07-12,1806.44,60.586000000000006,14477.67,13.89
2016-07-13,1808.07,58.5632,14493.8,14.6
2016-07-14,1781.62,58.5706,14514.52,12.58
2016-07-15,1787.03,60.9667,14482.42,8.85
2016-07-18,1786.02,59.5236,14532.4,12.31
2016-07-19,1803.02,59.2611,14524.61,12.29
2016-07-20,1791.75,59.6775,14533.57,12.47
2016-07-21,1812.33,58.4428,14565.83,12.58
2016-07-22,1809.0,58.0931,14600.66,12.59
2016-07-25,1815.65,57.1319,14498.1,13.39
2016-07-26,1813.53,56.2715,14550.0,13.42
2016-07-27,1825.51,55.347,14546.54,13.24
2016-07-28,1829.89,53.9522,14552.72,12.02
2016-07-29,1835.22,53.9502,14582.74,13.01
2016-08-02,1863.53,52.0209,14477.01,15.1
2016-08-03,1850.25,53.7725,14512.05,14.49
2016-08-04,1848.48,54.4158,14528.78,14.07
2016-08-05,1843.56,55.2916,14648.77,13.58
2016-08-08,1838.2,56.4237,14755.62,12.61
2016-08-09,1839.85,56.0307,14801.23,12.33
2016-08-10,1838.21,54.1746,14775.04,12.43
2016-08-11,1826.82,56.6014,14796.06,12.93
2016-08-12,1811.34,57.9053,14747.45,11.19
2016-08-15,1812.27,58.9796,14777.02,13.63
2016-08-16,1814.92,59.5603,14703.44,14.7
2016-08-17,1801.8,61.068000000000005,14697.6,13.5
2016-08-18,1803.91,62.5102,14695.68,13.36
2016-08-19,1802.16,63.1632,14687.46,13.37
2016-08-22,1809.04,61.336999999999996,14748.19,14.09
2016-08-23,1807.72,61.4231,14764.77,14.19
2016-08-24,1787.1,60.4978,14626.24,14.41
2016-08-25,1778.14,61.163999999999994,14630.72,15.04
2016-08-26,1788.19,61.5069,14639.88,13.87
2016-08-29,1790.45,61.2621,14681.97,13.52
2016-08-30,1789.91,60.4859,14684.85,14.31
2016-08-31,1782.2,58.8177,14597.95,14.76
2016-09-01,1788.39,57.0415,14683.91,14.2
2016-09-02,1790.72,57.4682,14795.7,13.22
2016-09-06,1802.47,57.5033,14813.02,13.65
2016-09-07,1802.89,59.4009,14796.75,13.53
2016-09-08,1800.96,61.1497,14803.26,13.79
2016-09-09,1807.67,59.6471,14540.0,16.14
2016-09-12,1795.15,60.0071,14597.14,15.74
2016-09-13,1809.09,59.5657,14349.1,17.44
2016-09-14,1815.02,57.711000000000006,14366.46,17.58
2016-09-15,1799.42,58.1143,14503.67,16.35
2016-09-16,1795.54,57.8858,14450.69,15.62
2016-09-19,1804.7,57.8363,14496.23,15.58
2016-09-20,1803.09,59.1749,14521.98,15.83
2016-09-21,1808.86,59.6514,14710.82,14.24
2016-09-22,1815.47,59.9114,14797.18,12.56
2016-09-23,1829.08,58.6979,14697.93,12.73
2016-09-26,1840.52,60.423,14619.46,15.14
2016-09-27,1817.92,59.3433,14558.04,14.59
2016-09-28,1792.54,61.5919,14731.43,14.17
2016-09-29,1804.18,62.8204,14754.55,14.14
2016-09-30,1790.86,63.0799,14725.86,14.42
2016-10-03,1783.78,63.9791,14689.04,14.99
2016-10-04,1735.88,64.8849,14521.01,15.59
2016-10-05,1732.77,65.4923,14610.58,15.27
2016-10-06,1716.93,66.8081,14595.5,14.61
2016-10-07,1726.33,65.9199,14566.26,15.08
2016-10-11,1728.38,67.1742,14549.6,15.57
2016-10-12,1727.83,66.1634,14618.97,15.28
2016-10-13,1722.73,66.8007,14643.71,15.5
2016-10-14,1713.44,66.1123,14584.99,15.13
2016-10-17,1713.48,66.3396,14596.52,14.95
2016-10-18,1720.15,67.0094,14752.25,13.97
2016-10-19,1729.84,67.8989,14840.49,13.55
2016-10-20,1742.69,66.9743,14847.92,13.07
2016-10-21,1756.2,67.9853,14939.04,12.76
2016-10-24,1741.73,67.3491,14923.01,13.3
2016-10-25,1767.56,65.9,14870.63,14.07
2016-10-26,1762.21,65.8885,14807.56,14.32
2016-10-27,1769.88,66.4941,14833.75,13.77
2016-10-28,1781.05,65.199,14785.29,15.2
2016-10-31,1777.93,62.8837,14787.27,16.37
2016-11-01,1795.13,62.1111,14778.32,14.19
2016-11-02,1821.91,61.1847,14594.72,16.05
2016-11-03,1817.26,59.9268,14583.42,17.43
2016-11-04,1820.78,59.1444,14509.25,17.97
2016-11-07,1781.13,59.9796,14652.45,17.04
2016-11-08,1765.61,59.6704,14656.84,15.75
2016-11-09,1782.71,60.7153,14759.91,13.96
2016-11-10,1776.94,59.8347,14744.25,13.16
2016-11-11,1727.11,58.3767,14555.41,15.41
2016-11-14,1733.36,59.1433,14598.45,15.83
2016-11-15,1724.99,61.5148,14756.1,15.13
2016-11-16,1723.95,61.7308,14733.22,18.43
2016-11-17,1724.95,61.7774,14826.09,15.7
2016-11-18,1712.16,62.5665,14864.03,15.14
2016-11-21,1702.36,65.2474,15039.87,14.63
2016-11-22,1706.72,64.5227,15100.38,14.78
2016-11-23,1684.25,64.8619,15080.91,14.38
2016-11-24,1599.5,64.71300000000001,15075.2,10.9
2016-11-25,1674.06,62.1492,15075.44,14.3
2016-11-28,1677.04,62.7848,15015.36,15.32
2016-11-29,1675.35,60.8246,14999.81,15.03
2016-11-30,1652.83,66.0295,15082.85,13.11
2016-12-01,1631.82,68.1509,15027.53,12.83
2016-12-02,1640.79,68.6886,15052.52,11.83
2016-12-05,1636.59,67.9841,15095.17,11.43
2016-12-06,1629.0,67.6927,15125.8,10.02
2016-12-07,1641.39,66.07,15237.75,9.69
2016-12-08,1630.66,67.3661,15295.2,9.66
2016-12-09,1615.45,67.8208,15312.2,9.46
2016-12-12,1615.36,69.0354,15287.7,9.24
2016-12-13,1606.14,68.85,15385.27,7.48
2016-12-14,1631.16,67.5516,15197.18,6.5
2016-12-15,1601.95,69.5497,15218.31,12.28
2016-12-16,1612.35,70.8129,15252.2,6.69
2016-12-19,1627.7,71.1552,15269.85,9.9
2016-12-20,1611.23,71.6105,15292.96,10.72
2016-12-21,1615.75,70.5938,15305.89,10.28
2016-12-22,1620.82,71.1032,15335.23,10.77
2016-12-23,1631.02,72.0756,15328.15,11.29
2016-12-28,1643.88,72.6672,15361.1,11.02
2016-12-29,1660.01,72.7327,15422.12,12.34
2016-12-30,1642.53,72.4374,15287.59,12.78
2017-01-03,1655.79,70.6303,15403.03,12.94
2017-01-04,1643.12,70.918,15516.75,12.49
2017-01-05,1653.62,71.1203,15586.58,11.52
2017-01-06,1646.46,71.0548,15496.05,12.2
2017-01-09,1659.57,68.6453,15388.95,14.18
2017-01-10,1662.74,67.4291,15426.28,12.9
2017-01-11,1671.32,68.762,15491.54,11.53
2017-01-12,1671.49,69.7359,15418.16,13.01
2017-01-13,1664.7,68.9098,15497.28,12.61
2017-01-16,1584.78,69.1929,15479.29,12.01
2017-01-17,1676.8,69.6817,15441.36,11.9
2017-01-18,1703.69,69.2805,15397.85,12.61
2017-01-19,1696.23,69.6563,15409.81,13.19
2017-01-20,1701.39,70.9202,15547.88,11.56
2017-01-23,1703.87,69.9997,15480.13,12.82
2017-01-24,1687.24,69.6998,15610.69,11.93
2017-01-25,1659.0,69.2916,15643.84,11.6
2017-01-26,1650.65,70.3553,15615.52,10.96
2017-01-27,1657.11,69.9167,15575.81,10.85
2017-01-30,1658.93,68.9827,15405.12,13.27
2017-01-31,1667.97,68.8281,15385.96,12.42
2017-02-01,1667.15,69.8737,15402.39,13.34
2017-02-02,1678.78,70.1736,15399.11,13.38
2017-02-03,1680.43,70.1504,15476.39,11.59
2017-02-06,1702.64,69.5813,15456.94,12.36
2017-02-07,1719.97,67.6302,15498.8,12.39
2017-02-08,1717.27,68.9973,15554.04,11.31
2017-02-09,1713.46,69.7092,15617.3,12.53
2017-02-10,1704.21,70.4309,15729.12,11.95
2017-02-13,1690.33,69.2858,15756.58,3.97
2017-02-14,1690.99,69.4009,15786.03,12.09
2017-02-15,1703.37,69.9503,15844.95,11.29
2017-02-16,1713.37,70.3285,15864.17,8.94
2017-02-17,1712.86,70.3421,15838.63,10.83
2017-02-21,1718.23,71.403,15922.37,11.18
2017-02-22,1713.18,71.097,15830.22,10.26
2017-02-23,1729.66,71.2263,15781.2,11.98
2017-02-24,1736.61,70.706,15533.47,13.21
2017-02-27,1749.67,71.2918,15463.51,13.36
2017-02-28,1758.88,71.7705,15399.24,14.51
2017-03-01,1757.89,71.7327,15599.68,13.01
2017-03-02,1743.57,70.5484,15536.65,12.78
2017-03-03,1734.88,71.1631,15608.5,11.58
2017-03-06,1737.29,71.2384,15629.75,12.0
2017-03-07,1725.11,70.9129,15608.78,11.47
2017-03-08,1727.3,67.9249,15496.98,12.2
2017-03-09,1721.02,66.9362,15496.84,12.42
2017-03-10,1713.86,65.1754,15506.68,11.45
2017-03-13,1714.13,65.0467,15544.82,14.34
2017-03-14,1718.12,65.2864,15379.61,15.79
2017-03-15,1692.83,65.2654,15520.91,11.58
2017-03-16,1730.02,65.6982,15562.41,13.15
2017-03-17,1737.82,65.7305,15490.49,11.54
2017-03-20,1742.39,65.3265,15442.32,12.04
2017-03-21,1758.61,64.252,15313.13,12.63
2017-03-22,1759.13,64.3374,15348.46,12.97
2017-03-23,1757.94,63.7903,15433.61,12.54
2017-03-24,1764.01,64.3942,15442.67,12.16
2017-03-27,1773.14,64.0438,15506.22,11.22
2017-03-28,1774.22,64.9107,15598.57,12.59
2017-03-29,1763.99,66.1093,15657.63,11.65
2017-03-30,1754.6,67.0248,15578.76,13.23
2017-03-31,1754.99,67.6676,15547.75,11.45
2017-04-03,1767.33,67.2969,15584.4,12.31
2017-04-04,1775.9,68.4894,15669.07,11.97
2017-04-05,1767.3,68.435,15642.99,9.44
2017-04-06,1771.03,69.3971,15697.18,10.53
2017-04-07,1775.98,70.1271,15667.13,10.77
2017-04-10,1760.9,70.8039,15730.79,12.32
2017-04-11,1787.45,71.1109,15727.11,13.0
2017-04-12,1782.67,70.5703,15648.4,13.26
2017-04-13,1805.65,70.1101,15535.48,13.45
2017-04-17,1808.1,70.8061,15684.89,13.07
2017-04-18,1817.55,70.2772,15622.57,15.67
2017-04-19,1818.23,68.3284,15552.88,14.41
2017-04-20,1817.89,68.4667,15625.56,13.74
2017-04-21,1828.97,66.8447,15614.48,12.05
2017-04-24,1814.09,66.4468,15712.46,11.6
2017-04-25,1810.4,66.6587,15745.19,11.51
2017-04-26,1811.98,66.9698,15649.54,11.46
2017-04-27,1816.77,66.9309,15506.47,12.6
2017-04-28,1822.53,67.0924,15586.13,12.16
2017-05-01,1809.41,66.4903,15575.63,12.9
2017-05-02,1814.94,65.7329,15619.65,12.28
2017-05-03,1806.01,65.2957,15543.14,12.45
2017-05-04,1780.73,62.5252,15396.7,12.9
2017-05-05,1766.14,63.9326,15582.04,12.24
2017-05-08,1771.39,63.6249,15652.08,12.23
2017-05-09,1760.43,63.1856,15569.2,12.86
2017-05-10,1755.43,64.9497,15633.21,12.37
2017-05-11,1767.98,65.3939,15550.55,12.42
2017-05-12,1773.51,65.5831,15537.88,13.36
2017-05-15,1766.49,67.066,15629.47,12.64
2017-05-16,1771.84,65.8055,15543.33,13.52
2017-05-17,1801.25,67.2915,15273.68,14.64
2017-05-18,1791.73,67.4721,15277.2,13.62
2017-05-19,1780.81,69.24,15458.46,13.25
2017-05-23,1784.02,69.4459,15476.94,13.2
2017-05-24,1766.46,69.6375,15419.49,13.47
2017-05-25,1781.31,65.5268,15410.73,13.04
2017-05-26,1791.99,67.2175,15416.93,12.55
2017-05-29,1704.14,67.1184,15421.91,10.68
2017-05-30,1786.24,66.7648,15372.35,12.95
2017-05-31,1804.24,65.7351,15349.91,13.34
2017-06-01,1799.03,64.9116,15469.91,12.46
2017-06-02,1808.01,64.5376,15442.75,12.29
2017-06-05,1810.16,64.0285,15409.78,13.18
2017-06-06,1827.1,64.7012,15464.56,12.68
2017-06-07,1828.56,61.6294,15372.14,13.06
2017-06-08,1809.81,61.736999999999995,15423.09,12.59
2017-06-09,1793.91,62.0737,15473.21,11.97
2017-06-12,1771.35,62.0095,15383.8,15.49
2017-06-13,1759.93,61.2625,15379.75,14.67
2017-06-14,1769.9,59.1667,15170.13,15.18
2017-06-15,1744.56,59.0093,15160.42,14.51
2017-06-16,1739.46,59.5473,15192.54,14.25
2017-06-19,1727.56,58.7173,15266.04,13.25
2017-06-20,1728.97,57.4431,15149.6,13.61
2017-06-21,1740.4,56.5813,15148.53,11.06
2017-06-22,1732.0,57.0578,15219.9,13.05
2017-06-23,1745.82,57.0692,15319.56,12.33
2017-06-26,1729.57,57.668,15316.02,8.61
2017-06-27,1724.79,58.0608,15281.22,12.51
2017-06-28,1707.0,59.0985,15355.58,12.0
2017-06-29,1698.31,58.586999999999996,15213.42,12.61
2017-06-30,1688.45,60.2184,15182.19,13.5
2017-07-04,1588.03,61.2932,15130.61,14.17
2017-07-05,1661.31,59.04600000000001,15153.12,13.32
2017-07-06,1667.75,58.7789,15078.0,14.23
2017-07-07,1636.23,57.5374,15027.16,14.55
2017-07-10,1642.56,57.376000000000005,15105.28,14.28
2017-07-11,1647.94,59.0722,15149.14,13.76
2017-07-12,1631.39,58.5643,15143.99,14.19
2017-07-13,1624.22,58.8037,15135.0,12.95
2017-07-14,1627.18,59.4319,15174.81,13.22
2017-07-17,1642.79,58.4516,15165.36,14.24
2017-07-18,1643.89,59.0165,15149.57,12.57
2017-07-19,1641.25,59.7438,15244.71,13.61
2017-07-20,1643.46,59.1206,15264.64,11.8
2017-07-21,1647.9,57.4194,15183.13,11.77
2017-07-24,1643.36,58.2233,15128.69,14.43
2017-07-25,1640.61,60.586999999999996,15202.37,13.78
2017-07-26,1630.69,60.8704,15171.39,10.04
2017-07-27,1659.01,61.1641,15191.36,11.72
2017-07-28,1653.98,62.4631,15128.65,12.58
2017-07-31,1657.6,62.3512,15143.87,14.17
2017-08-01,1672.85,60.9418,15202.1,12.99
2017-08-02,1676.05,62.1789,15265.63,12.31
2017-08-03,1673.25,61.5586,15191.96,12.38
2017-08-04,1669.41,62.2677,15257.97,11.9
2017-08-08,1669.88,62.2031,15256.35,12.52
2017-08-09,1695.2,62.832,15217.33,12.55
2017-08-10,1714.8,61.6536,15074.25,13.34
2017-08-11,1710.01,62.1807,15033.38,13.81
2017-08-14,1712.12,60.3587,15119.91,13.38
2017-08-15,1703.41,60.6913,15097.84,13.22
2017-08-16,1689.3,59.7129,15082.21,13.24
2017-08-17,1708.89,59.4912,15033.64,14.03
2017-08-18,1695.03,61.9483,14952.33,14.15
2017-08-21,1697.64,59.9191,14951.88,13.93
2017-08-22,1691.16,59.9538,14984.96,12.97
2017-08-23,1694.75,60.7949,15063.16,13.12
2017-08-24,1686.15,59.8933,15076.16,12.81
2017-08-25,1688.05,59.8589,15055.99,12.46
2017-08-28,1714.32,58.2885,15052.03,13.54
2017-08-29,1718.63,57.8318,15082.7,12.75
2017-08-30,1727.75,57.7059,15133.13,10.91
2017-08-31,1718.05,59.3722,15211.87,9.84
2017-09-01,1717.0,58.673,15191.6,12.17
2017-09-05,1731.04,60.3395,15090.15,7.58
2017-09-06,1704.03,60.8341,15059.83,8.29
2017-09-07,1703.62,60.1014,15024.53,6.32
2017-09-08,1710.59,57.5664,14985.32,11.82
2017-09-11,1685.96,58.4514,15040.3,4.63
2017-09-12,1693.43,58.4504,15143.41,11.68
2017-09-13,1685.58,60.0257,15126.81,11.59
2017-09-14,1687.39,60.5391,15172.72,13.07
2017-09-15,1686.71,61.3236,15173.03,10.96
2017-09-18,1681.78,61.406000000000006,15236.67,12.74
2017-09-19,1684.24,61.7238,15292.97,10.11
2017-09-20,1695.42,62.3772,15389.6,11.86
2017-09-21,1669.42,62.5401,15454.92,9.99
2017-09-22,1674.4,62.4586,15454.23,12.18
2017-09-25,1696.19,0.0,15516.23,10.84
2017-09-26,1681.44,64.4701,15474.12,10.95
2017-09-27,1682.14,64.334,15609.66,10.74
2017-09-28,1676.4,64.3415,15618.25,12.48
2017-09-29,1677.43,64.1715,15634.94,10.74
2017-10-02,1672.63,63.2285,15705.0,11.12
2017-10-03,1668.08,62.4744,15728.51,10.93
2017-10-04,1669.16,62.2384,15721.0,11.11
2017-10-05,1677.93,63.7801,15776.3,10.7
2017-10-06,1676.07,61.6383,15728.32,11.04
2017-10-10,1697.41,63.6863,15770.36,11.16
2017-10-11,1684.11,63.6054,15800.4,11.01
2017-10-12,1695.73,63.3268,15742.2,11.11
2017-10-13,1704.77,64.1083,15807.17,12.42
2017-10-16,1710.94,64.9314,15802.7,10.74
2017-10-17,1689.83,65.4009,15816.9,10.69
2017-10-18,1678.47,65.1951,15782.16,11.08
2017-10-19,1689.22,64.3961,15818.0,13.1
2017-10-20,1695.96,65.7406,15857.22,11.0
2017-10-23,1700.49,65.6046,15855.76,11.66
2017-10-24,1699.87,66.5265,15905.14,11.39
2017-10-25,1717.85,66.7829,15854.77,11.95
2017-10-26,1712.62,67.7687,15891.63,11.94
2017-10-27,1709.91,69.3659,15953.51,11.29
2017-10-30,1720.43,69.3621,16002.78,11.91
2017-10-31,1718.46,70.3757,16025.59,11.69
2017-11-01,1725.13,69.8541,16029.33,13.37
2017-11-02,1718.2,70.3386,16014.99,13.81
2017-11-03,1701.21,71.0973,16020.16,11.48
2017-11-06,1709.48,72.756,16092.2,13.48
2017-11-07,1711.46,72.7693,16131.79,11.49
2017-11-08,1716.05,72.3786,16105.35,13.29
2017-11-09,1715.66,72.3275,16082.09,13.18
2017-11-10,1700.06,72.2835,16039.26,13.42
2017-11-13,1714.5,72.2513,16026.26,13.21
2017-11-14,1718.91,70.1362,15913.13,13.95
2017-11-15,1716.49,70.8632,15878.48,13.71
2017-11-16,1716.29,70.696,15935.37,12.84
2017-11-17,1740.91,72.487,15998.57,13.02
2017-11-20,1722.34,72.2255,16004.4,9.36
2017-11-21,1726.04,72.9265,16076.65,8.8
2017-11-22,1727.88,73.6634,16073.58,8.8
2017-11-23,1642.29,74.2348,16074.3,8.23
2017-11-24,1725.08,74.9662,16108.09,9.01
2017-11-27,1741.19,73.8405,16042.12,7.56
2017-11-28,1748.05,73.9456,16029.64,7.02
2017-11-29,1738.58,73.7992,15967.72,8.2
2017-11-30,1731.11,73.9822,16067.48,10.42
2017-12-01,1709.54,73.9974,16038.97,10.83
2017-12-04,1701.51,72.8417,15969.03,11.49
2017-12-05,1687.52,72.9225,15915.68,11.44
2017-12-06,1702.52,71.7232,15908.78,11.85
2017-12-07,1693.65,72.7739,16015.68,11.33
2017-12-08,1686.71,73.648,16096.07,11.08
2017-12-11,1686.12,74.4485,16103.51,11.22
2017-12-12,1680.9,73.9336,16114.03,11.09
2017-12-13,1683.58,72.8106,16136.59,10.58
2017-12-14,1691.87,73.0728,16016.46,11.2
2017-12-15,1700.84,73.8494,16041.98,10.79
2017-12-18,1711.82,73.7624,16131.64,10.93
2017-12-19,1712.56,74.3009,16133.35,10.76
2017-12-20,1713.81,74.4545,16159.67,10.61
2017-12-21,1702.08,74.1036,16182.63,10.52
2017-12-22,1712.47,74.2892,16165.27,10.5
2017-12-27,1717.67,75.3894,16203.13,11.11
2017-12-28,1714.93,75.1965,16221.95,11.02
2017-12-29,1731.95,75.6508,16209.13,11.14
2018-01-02,1733.11,75.5483,16309.99,11.14
2018-01-03,1741.04,77.5622,16371.55,11.27
2018-01-04,1738.42,77.3683,16412.94,11.27
2018-01-05,1729.09,76.4033,16349.44,11.32
2018-01-08,1728.73,77.2862,16317.65,11.59
2018-01-09,1726.54,79.0204,16319.24,11.5
2018-01-10,1746.8,79.5369,16247.95,11.68
2018-01-11,1746.75,79.5736,16286.94,11.73
2018-01-12,1756.07,80.215,16308.18,11.67
2018-01-15,1667.87,80.4271,16371.81,12.17
2018-01-16,1755.78,79.3713,16298.88,12.28
2018-01-17,1759.83,79.7864,16326.7,12.47
2018-01-18,1742.08,78.9547,16284.47,12.41
2018-01-19,1760.71,79.2667,16353.46,11.84
2018-01-22,1755.6,79.5176,16347.98,12.3
2018-01-23,1757.39,80.0596,16357.55,12.43
2018-01-24,1774.64,81.2377,16284.21,12.82
2018-01-25,1787.89,80.6432,16204.01,13.01
2018-01-26,1765.97,81.5915,16239.22,12.8
2018-01-29,1754.6,80.8058,16094.72,12.76
2018-01-30,1747.87,78.6908,15955.51,13.23
2018-01-31,1749.01,79.8203,15951.67,13.01
2018-02-01,1748.07,80.9834,15860.92,13.2
2018-02-02,1758.05,80.8719,15606.03,14.01
2018-02-05,1771.79,79.7072,15334.81,18.39
2018-02-06,1755.78,79.87899999999999,15363.93,18.8
2018-02-07,1748.11,77.5124,15330.58,17.09
2018-02-08,1758.13,76.1498,15065.61,19.73
2018-02-09,1749.21,74.3671,15034.53,21.65
2018-02-12,1762.35,74.8785,15241.88,21.65
2018-02-13,1769.71,74.2259,15216.47,21.65
2018-02-14,1790.66,75.7892,15328.27,21.65
2018-02-15,1787.12,76.5618,15407.66,21.65
2018-02-16,1799.97,77.2915,15452.64,21.65
2018-02-20,1781.94,77.9867,15439.44,21.65
2018-02-21,1792.2,77.7788,15524.01,21.65
2018-02-22,1793.67,79.637,15508.17,16.06
2018-02-23,1780.22,80.3428,15638.45,15.5
2018-02-26,1792.42,81.1468,15714.66,14.79
2018-02-27,1788.68,80.229,15671.15,14.91
2018-02-28,1795.84,79.0785,15442.68,15.92
2018-03-01,1779.82,78.5703,15393.95,16.27
2018-03-02,1808.99,79.2714,15384.59,15.67
2018-03-05,1816.15,81.2585,15541.28,15.17
2018-03-06,1823.59,80.3823,15545.19,15.14
2018-03-07,1818.21,79.1295,15472.61,15.16
2018-03-08,1809.78,77.7533,15538.7,14.66
2018-03-09,1802.92,79.5659,15577.81,14.38
2018-03-12,1802.29,78.7252,15604.79,13.41
2018-03-13,1828.6,78.9038,15647.14,12.36
2018-03-14,1824.98,78.9545,15653.61,12.26
2018-03-15,1828.35,80.0059,15670.62,12.12
2018-03-16,1827.5,81.6553,15711.33,12.13
2018-03-19,1831.7,81.4232,15589.39,12.69
2018-03-20,1823.55,83.3577,15616.36,12.85
2018-03-21,1813.21,84.3467,15675.28,11.5
2018-03-22,1826.09,83.4559,15399.93,12.98
2018-03-23,1848.89,84.8847,15223.74,14.21
2018-03-26,1849.0,84.3643,15298.56,13.71
2018-03-27,1838.19,83.4814,15216.18,14.12
2018-03-28,1819.46,83.6427,15169.94,14.25
2018-03-29,1809.87,83.7243,15367.29,14.04
2018-04-02,1839.88,81.3025,15213.45,15.22
2018-04-03,1812.88,81.3727,15180.76,15.5
2018-04-04,1811.65,81.1981,15164.37,15.56
2018-04-05,1793.86,81.0019,15356.05,14.44
2018-04-06,1808.64,79.2045,15207.41,15.42
2018-04-09,1801.4,80.3876,15227.7,15.07
2018-04-10,1795.44,82.6559,15262.14,15.05
2018-04-11,1810.29,84.0167,15257.9,15.74
2018-04-12,1787.57,84.339,15269.27,15.63
2018-04-13,1799.82,85.0348,15273.97,15.7
2018-04-16,1796.43,83.4738,15300.38,14.81
2018-04-17,1792.1,83.6009,15353.3,14.6
2018-04-18,1809.17,86.7172,15529.97,12.36
2018-04-19,1809.17,86.5565,15454.42,15.34
2018-04-20,1808.35,86.9794,15484.32,15.39
2018-04-23,1802.88,88.5466,15552.06,15.3
2018-04-24,1812.24,87.0386,15477.0,15.64
2018-04-25,1800.54,87.5644,15509.75,15.41
2018-04-26,1797.48,87.6849,15637.59,14.76
2018-04-27,1799.36,87.2962,15668.93,14.19
2018-04-30,1795.66,87.9527,15607.88,14.47
2018-05-01,1780.03,86.6493,15618.93,14.29
2018-05-02,1783.43,87.2449,15627.93,14.35
2018-05-03,1787.51,88.0082,15621.47,13.94
2018-05-04,1790.47,89.7224,15729.4,13.6
2018-05-07,1794.67,90.2692,15808.63,13.54
2018-05-08,1803.68,90.736,15842.71,13.49
2018-05-09,1789.2,91.5653,15910.81,13.16
2018-05-10,1788.71,91.3452,15959.5,12.63
2018-05-11,1790.2,90.2972,15983.32,12.58
2018-05-14,1789.75,91.0765,16085.61,12.77
2018-05-15,1762.1,91.3423,16097.81,12.86
2018-05-16,1752.72,91.4521,16108.06,12.52
2018-05-17,1752.59,91.9911,16143.55,12.1
2018-05-18,1764.65,92.1417,16162.31,11.97
2018-05-22,1757.08,92.5012,16144.79,12.07
2018-05-23,1755.55,92.2646,16133.8,11.9
2018-05-24,1781.89,91.1323,16113.62,12.01
2018-05-25,1792.84,87.4903,16075.67,12.14
2018-05-28,1685.63,86.6725,16016.14,12.68
2018-05-29,1788.7,87.0285,15922.61,13.17
2018-05-30,1772.53,87.7271,16048.66,13.3
2018-05-31,1782.04,86.9172,16061.5,13.11
2018-06-01,1774.18,85.2101,16043.54,13.15
2018-06-04,1770.24,84.0316,16052.24,12.95
2018-06-05,1782.23,84.9759,16122.25,13.13
2018-06-06,1777.76,84.97,16183.93,12.26
2018-06-07,1782.85,85.5961,16192.78,12.74
2018-06-08,1776.63,84.8024,16202.69,12.58
2018-06-11,1784.97,85.8947,16263.29,13.11
2018-06-12,1785.5,85.7176,16288.98,12.92
2018-06-13,1783.53,86.4805,16265.82,12.86
2018-06-14,1808.96,87.7291,16328.96,12.56
2018-06-15,1781.49,84.7136,16314.42,12.54
2018-06-18,1783.39,86.6175,16383.63,12.18
2018-06-19,1792.24,86.3908,16316.53,12.5
2018-06-20,1790.87,87.1358,16420.95,11.67
2018-06-21,1785.38,87.6849,16335.15,12.4
2018-06-22,1780.09,91.9739,16450.14,11.76
2018-06-25,1780.61,90.6258,16183.96,13.98
2018-06-26,1769.73,93.9509,16280.09,13.54
2018-06-27,1768.31,96.4237,16231.25,14.0
2018-06-28,1748.61,97.1779,16179.89,14.04
2018-06-29,1738.54,97.7125,16277.73,13.57
2018-07-03,1737.49,98.0511,16263.16,13.19
2018-07-04,1653.44,97.45200000000001,16304.72,13.03
2018-07-05,1743.63,96.039,16266.61,14.16
2018-07-06,1733.12,96.7373,16371.78,13.18
2018-07-09,1742.04,97.0691,16452.34,13.31
2018-07-10,1737.38,97.2786,16548.72,13.06
2018-07-11,1734.42,93.2749,16417.32,13.41
2018-07-12,1730.33,92.4866,16567.42,12.69
2018-07-13,1723.48,92.8692,16561.12,13.46
2018-07-16,1718.11,89.2721,16494.73,14.07
2018-07-17,1708.35,88.2256,16519.24,13.81
2018-07-18,1706.4,89.25200000000001,16477.4,13.67
2018-07-19,1712.98,90.2268,16543.01,11.96
2018-07-20,1706.08,89.6043,16435.46,13.81
2018-07-23,1700.96,89.3608,16420.84,12.79
2018-07-24,1698.63,90.3797,16390.13,13.72
2018-07-25,1692.37,90.5165,16420.76,13.45
2018-07-26,1688.59,90.92200000000001,16455.73,12.52
2018-07-27,1682.68,90.146,16393.95,12.84
2018-07-30,1678.79,91.2695,16345.47,13.13
2018-07-31,1677.81,88.97200000000001,16434.01,12.83
2018-08-01,1669.83,88.1948,16376.77,13.04
2018-08-02,1661.63,89.7645,16409.16,11.97
2018-08-03,1662.12,89.2306,16420.24,12.69
2018-08-07,1663.36,90.3268,16286.3,13.17
2018-08-08,1662.85,86.9227,16315.08,12.71
2018-08-09,1665.01,87.095,16416.98,12.33
2018-08-10,1675.47,89.1242,16326.51,12.34
2018-08-13,1647.23,88.5256,16250.75,12.81
2018-08-14,1639.9,87.1477,16330.67,12.81
2018-08-15,1629.39,85.2798,16148.5,14.24
2018-08-16,1629.36,85.2715,16225.65,13.54
2018-08-17,1618.0,85.1642,16323.71,13.26
2018-08-20,1629.18,85.3322,16331.03,13.28
2018-08-21,1634.6,86.1536,16296.97,13.43
2018-08-22,1634.0,88.3836,16347.34,13.29
2018-08-23,1631.34,88.8472,16326.79,12.07
2018-08-24,1650.12,89.3188,16356.05,12.02
2018-08-27,1646.74,89.4227,16444.39,12.65
2018-08-28,1639.98,88.6573,16355.54,11.36
2018-08-29,1632.39,89.9216,16390.29,11.24
2018-08-30,1632.79,90.9028,16371.55,13.0
2018-08-31,1642.11,91.2022,16262.88,13.38
2018-09-04,1651.06,91.4516,16161.3,14.28
2018-09-05,1652.92,90.4258,16137.57,14.53
2018-09-06,1652.21,89.2725,16100.94,14.73
2018-09-07,1649.65,89.3482,16090.27,14.62
2018-09-10,1649.86,88.9919,16057.09,14.87
2018-09-11,1641.19,91.2512,16094.25,14.72
2018-09-12,1644.27,91.2561,16049.02,14.58
2018-09-13,1640.71,89.4302,16001.71,14.51
2018-09-14,1635.61,89.9406,16013.49,13.33
2018-09-17,1642.89,89.2773,16082.31,14.12
2018-09-18,1630.43,90.2237,16196.04,11.4
2018-09-19,1630.76,91.5328,16149.92,13.32
2018-09-20,1633.03,90.5945,16214.75,12.91
2018-09-21,1621.46,91.375,16224.13,12.78
2018-09-24,1630.52,93.5459,16207.32,13.17
2018-09-25,1631.14,93.1874,16159.5,13.31
2018-09-26,1631.3,94.052,16169.28,12.74
2018-09-27,1618.41,94.0168,16204.62,12.07
2018-09-28,1612.98,94.9812,16073.14,13.44
2018-10-01,1596.31,96.64399999999999,16104.43,13.56
2018-10-02,1617.26,96.3649,16017.23,13.95
2018-10-03,1617.94,98.1661,16072.05,13.67
2018-10-04,1623.29,96.4955,16006.67,13.77
2018-10-05,1631.05,96.2103,15946.17,14.04
2018-10-09,1613.67,96.70100000000001,15854.05,14.49
2018-10-10,1630.95,94.7537,15517.4,16.8
2018-10-11,1671.14,92.6542,15317.13,18.26
2018-10-12,1662.46,93.2446,15414.29,16.02
2018-10-15,1670.26,93.0857,15409.47,18.53
2018-10-16,1663.22,93.416,15579.74,17.16
2018-10-17,1669.18,91.0365,15529.9,16.76
2018-10-18,1681.89,90.0694,15404.13,17.1
2018-10-19,1681.95,91.195,15470.1,16.83
2018-10-22,1676.93,91.0784,15412.7,16.52
2018-10-23,1690.92,86.7244,15285.17,17.44
2018-10-24,1678.89,86.6333,14909.13,20.56
2018-10-25,1682.66,87.536,14924.08,19.54
2018-10-26,1691.61,88.6906,14888.26,20.64
2018-10-29,1684.09,87.5261,14721.75,20.28
2018-10-30,1677.46,87.1498,14894.5,19.98
2018-10-31,1669.56,85.529,15027.28,19.24
2018-11-01,1692.01,83.2361,15150.15,18.75
2018-11-02,1688.69,82.4885,15119.28,18.61
2018-11-05,1687.73,82.3931,15217.7,18.6
2018-11-06,1681.63,81.0925,15292.71,18.29
2018-11-07,1683.23,80.9151,15369.43,17.12
2018-11-08,1684.16,79.8207,15357.47,16.65
2018-11-09,1668.82,79.0705,15274.44,16.8
2018-11-12,1666.09,78.0431,15156.4,19.75
2018-11-13,1662.21,73.6729,15131.78,18.35
2018-11-14,1674.04,74.3295,15133.12,18.87
2018-11-15,1673.34,74.7127,15144.88,18.15
2018-11-16,1678.98,75.0256,15155.5,17.42
2018-11-19,1685.72,75.5904,15071.01,17.88
2018-11-20,1697.31,71.1966,14877.0,19.03
2018-11-21,1697.41,72.2973,15095.02,18.44
2018-11-22,1619.63,71.3016,15091.58,16.94
2018-11-23,1692.08,66.7237,15010.73,18.26
2018-11-26,1693.48,68.3997,15012.65,15.82
2018-11-27,1686.74,69.2049,14944.09,17.55
2018-11-28,1696.75,67.1666,15171.25,16.97
2018-11-29,1698.9,68.2571,15194.04,17.23
2018-11-30,1694.99,67.3607,15197.82,17.18
2018-12-03,1700.32,70.2747,15274.98,15.21
2018-12-04,1718.66,69.9983,15063.59,16.4
2018-12-05,1725.03,70.3887,15182.64,14.37
2018-12-06,1729.46,68.9538,14937.0,16.98
2018-12-07,1734.25,69.4953,14795.13,18.24
2018-12-10,1738.41,68.257,14728.28,18.29
2018-12-11,1735.4,69.628,14667.83,18.21
2018-12-12,1734.18,68.5641,14783.06,20.12
2018-12-13,1730.71,70.5335,14750.35,20.22
2018-12-14,1726.81,68.905,14595.07,21.31
2018-12-17,1743.3,66.594,14362.65,21.51
2018-12-18,1752.52,62.7973,14416.89,20.55
2018-12-19,1758.9,63.8354,14264.06,20.07
2018-12-20,1778.17,62.6084,14141.77,21.95
2018-12-21,1776.42,61.7532,13935.44,22.09
2018-12-24,1796.05,58.1441,13780.19,27.55
2018-12-27,1810.7,61.869,14165.21,25.36
2018-12-28,1815.88,61.5506,14222.0,24.87
2018-12-31,1814.24,62.5174,14322.86,24.98
2019-01-02,1809.64,62.4586,14347.16,24.91
2019-01-03,1812.49,63.1874,14212.75,25.65
2019-01-04,1785.21,64.626,14426.62,22.54
2019-01-07,1780.59,64.8005,14504.13,22.37
2019-01-08,1772.07,66.2844,14605.15,20.87
2019-01-09,1771.36,68.9177,14804.73,18.99
2019-01-10,1769.42,69.2223,14903.49,18.41
2019-01-11,1776.6,68.5938,14939.18,17.86
2019-01-14,1781.59,67.2919,14975.53,18.48
2019-01-15,1774.34,68.8204,15046.28,17.42
2019-01-16,1780.36,69.6381,15111.26,17.39
2019-01-17,1781.33,69.6874,15211.22,16.95
2019-01-18,1765.98,71.575,15303.83,16.89
2019-01-21,1700.19,72.122,15354.16,17.54
2019-01-22,1778.88,70.6388,15233.76,17.87
2019-01-23,1778.42,69.9915,15208.33,17.61
2019-01-24,1773.73,70.8838,15280.78,16.93
2019-01-25,1780.7,70.7926,15366.05,16.7
2019-01-28,1793.82,69.0333,15378.62,17.19
2019-01-29,1802.71,70.76,15463.14,16.86
2019-01-30,1787.11,71.5993,15484.55,16.94
2019-01-31,1794.91,70.7663,15540.6,16.36
2019-02-01,1788.29,72.5323,15506.31,15.97
2019-02-04,1785.79,71.8019,15602.32,15.83
2019-02-05,1788.29,70.5983,15702.69,15.67
2019-02-06,1794.0,71.311,15712.31,15.51
2019-02-07,1806.15,69.8553,15703.36,15.54
2019-02-08,1808.13,69.9786,15633.33,15.71
2019-02-11,1802.71,69.7501,15568.85,16.55
2019-02-12,1796.53,70.7632,15642.1,16.02
2019-02-13,1800.77,71.5934,15626.73,15.71
2019-02-14,1803.93,73.062,15695.98,15.97
2019-02-15,1808.08,74.4461,15838.24,14.41
2019-02-19,1833.05,74.3744,15937.44,14.1
2019-02-20,1832.41,75.3475,16031.24,13.25
2019-02-21,1813.18,75.247,16000.86,13.54
2019-02-22,1807.28,74.9833,16013.01,13.46
2019-02-25,1810.05,73.1258,16057.03,13.73
2019-02-26,1805.87,73.7505,16067.91,13.71
2019-02-27,1794.47,74.9257,16074.3,13.16
2019-02-28,1789.04,75.3272,15999.01,13.46
2019-03-01,1783.81,74.169,16068.25,12.99
2019-03-04,1768.79,75.1426,16038.13,13.15
2019-03-05,1770.96,75.0133,16086.54,11.29
2019-03-06,1787.61,75.4366,16092.07,12.7
2019-03-07,1787.14,75.9237,16056.51,12.44
2019-03-08,1800.11,75.1683,15996.21,13.3
2019-03-11,1785.83,76.2933,16106.24,13.31
2019-03-12,1789.16,76.3976,16136.66,13.11
2019-03-13,1798.27,77.5577,16149.97,12.9
2019-03-14,1782.77,77.9901,16087.55,12.93
2019-03-15,1792.8,78.3006,16140.35,10.15
2019-03-18,1791.2,79.1916,16251.37,12.18
2019-03-19,1796.59,78.9005,16188.1,12.26
2019-03-20,1787.52,79.8904,16167.56,13.19
2019-03-21,1802.27,80.0998,16244.59,12.72
2019-03-22,1817.91,79.1454,16089.33,13.91
2019-03-25,1828.28,79.2628,16065.86,13.86
2019-03-26,1815.42,80.1008,16155.16,12.97
2019-03-27,1812.12,79.6151,16132.53,13.03
2019-03-28,1787.26,79.9376,16155.49,12.58
2019-03-29,1779.66,80.3706,16102.09,13.1
2019-04-01,1769.36,82.1298,16228.06,12.68
2019-04-02,1774.74,83.4117,16263.87,12.47
2019-04-03,1775.79,83.3691,16279.86,12.77
2019-04-04,1776.22,82.9449,16311.61,12.45
2019-04-05,1781.69,84.7279,16396.15,11.87
2019-04-08,1780.83,85.7719,16407.29,12.11
2019-04-09,1791.15,85.5488,16336.45,12.35
2019-04-10,1797.52,85.7371,16396.29,12.01
2019-04-11,1778.98,85.1815,16399.47,11.74
2019-04-12,1773.54,85.0406,16480.53,10.83
2019-04-15,1774.02,84.9414,16515.46,10.75
2019-04-16,1753.27,86.1247,16502.2,10.74
2019-04-17,1750.93,85.1999,16544.24,11.01
2019-04-18,1754.68,85.7313,16612.81,9.92
2019-04-22,1752.84,87.8015,16577.28,10.52
2019-04-23,1756.64,88.8096,16669.4,11.02
2019-04-24,1774.02,88.7192,16586.52,11.37
2019-04-25,1773.46,87.6771,16576.1,11.86
2019-04-26,1781.75,84.5921,16613.46,10.93
2019-04-29,1772.01,85.5154,16600.37,11.21
2019-04-30,1767.77,85.0274,16580.73,11.25
2019-05-01,1773.49,85.3364,16502.75,11.66
2019-05-02,1761.62,83.0877,16410.88,11.86
2019-05-03,1767.28,83.0423,16494.43,11.49
2019-05-06,1773.94,83.58,16493.46,12.01
2019-05-07,1779.71,82.9807,16357.75,13.9
2019-05-08,1774.5,83.5352,16397.4,14.47
2019-05-09,1779.49,83.1183,16321.75,15.21
2019-05-10,1773.47,82.7961,16297.55,14.81
2019-05-13,1799.87,82.2218,16193.41,17.49
2019-05-14,1789.74,82.4851,16284.53,17.38
2019-05-15,1788.09,83.6486,16318.14,15.85
2019-05-16,1776.28,85.2216,16443.86,14.55
2019-05-17,1761.54,84.7237,16401.75,14.99
2019-05-21,1752.11,84.3939,16426.47,13.83
2019-05-22,1756.78,82.4844,16327.35,13.72
2019-05-23,1776.61,78.2701,16164.61,14.68
2019-05-24,1769.79,79.2822,16230.04,14.13
2019-05-27,1727.32,79.4379,16346.66,11.81
2019-05-28,1767.67,79.5398,16297.46,12.31
2019-05-29,1775.96,80.0453,16131.47,16.03
2019-05-30,1781.72,76.3628,16089.24,14.24
2019-05-31,1807.97,72.203,16037.49,13.01
2019-06-03,1818.35,71.4229,16015.89,16.34
2019-06-04,1814.12,70.9607,16166.24,14.58
2019-06-05,1822.91,69.1237,16212.66,14.95
2019-06-06,1826.43,70.8144,16227.8,12.27
2019-06-07,1817.99,71.8068,16230.96,12.31
2019-06-10,1797.29,70.8284,16216.26,12.47
2019-06-11,1801.99,70.1857,16248.76,12.32
2019-06-12,1817.85,68.2126,16227.24,12.07
2019-06-13,1824.09,69.4918,16239.26,12.06
2019-06-14,1836.91,70.541,16301.91,11.99
2019-06-17,1834.12,69.985,16353.45,11.5
2019-06-18,1840.13,72.5202,16503.35,11.22
2019-06-19,1824.04,72.3075,16511.79,10.92
2019-06-20,1873.25,75.6489,16574.83,11.15
2019-06-21,1882.31,76.1976,16525.43,11.43
2019-06-24,1899.58,76.2295,16523.47,11.62
2019-06-25,1898.35,77.41199999999999,16371.28,12.32
2019-06-26,1888.42,77.3622,16312.22,12.36
2019-06-27,1879.53,77.7251,16307.73,12.1
2019-06-28,1882.04,76.2619,16382.2,11.75
2019-07-02,1878.0,74.1704,16471.29,11.17
2019-07-03,1888.11,74.7161,16576.2,10.64
2019-07-04,1858.18,74.2625,16588.85,10.45
2019-07-05,1865.91,75.5163,16541.99,10.07
2019-07-08,1868.27,75.2776,16462.95,10.71
2019-07-09,1873.98,76.76,16545.21,10.32
2019-07-10,1883.7,79.0286,16563.29,10.76
2019-07-11,1875.78,78.8765,16527.9,10.77
2019-07-12,1876.73,78.7257,16488.12,10.99
2019-07-15,1881.12,77.436,16510.82,10.82
2019-07-16,1883.65,75.3851,16502.42,10.58
2019-07-17,1894.3,74.0404,16484.21,10.74
2019-07-18,1897.1,72.9581,16494.23,10.54
2019-07-19,1900.08,72.9752,16485.94,10.29
2019-07-22,1909.21,73.6321,16518.88,9.97
2019-07-23,1904.39,75.0054,16572.68,9.96
2019-07-24,1908.4,73.5402,16611.84,9.76
2019-07-25,1899.57,73.7504,16488.2,10.47
2019-07-26,1906.65,74.0376,16531.04,10.34
2019-07-29,1907.6,75.2284,16492.17,10.81
2019-07-30,1916.51,76.4883,16466.05,11.46
2019-07-31,1917.56,76.3947,16406.56,11.93
2019-08-01,1913.59,71.7848,16377.04,12.14
2019-08-02,1945.19,72.9745,16271.66,12.71
2019-08-06,1990.17,70.8745,16149.49,14.3
2019-08-07,2039.9,69.80199999999999,16265.22,14.17
2019-08-08,2015.61,69.7829,16404.53,12.53
2019-08-09,2014.95,71.9088,16341.34,12.83
2019-08-12,2028.33,72.5117,16237.77,14.4
2019-08-13,2022.35,74.9745,16350.84,12.75
2019-08-14,2055.01,72.9207,16045.94,16.36
2019-08-15,2057.63,72.9306,16012.53,16.09
2019-08-16,2041.41,72.8624,16149.79,14.24
2019-08-19,2033.58,74.7692,16304.05,12.86
2019-08-20,2037.82,74.7805,16213.31,13.58
2019-08-21,2034.02,74.4634,16309.23,12.88
2019-08-22,2026.61,73.7058,16253.46,12.83
2019-08-23,2062.03,71.8453,16037.58,15.2
2019-08-26,2057.4,71.4222,16098.79,14.75
2019-08-27,2081.55,73.7906,16183.59,14.61
2019-08-28,2081.84,74.344,16271.65,13.92
2019-08-29,2062.71,75.2112,16384.49,13.29
2019-08-30,2057.37,73.5686,16442.07,13.34
2019-09-03,2095.87,72.0825,16399.23,14.23
2019-09-04,2084.37,74.1515,16448.84,13.67
2019-09-05,2038.76,74.4598,16574.81,12.77
2019-09-06,2017.26,74.7021,16535.33,12.74
2019-09-09,2011.59,76.5231,16495.09,12.96
2019-09-10,1993.42,76.0717,16537.34,12.48
2019-09-11,2005.28,73.8453,16611.14,11.87
2019-09-12,2013.87,72.9988,16643.28,11.73
2019-09-13,2015.41,72.8582,16682.42,11.69
2019-09-16,2023.7,82.0659,16751.31,12.27
2019-09-17,2027.15,77.7168,16834.75,11.86
2019-09-18,2036.4,77.2298,16800.29,11.71
2019-09-19,2020.16,77.9149,16858.35,11.79
2019-09-20,2031.56,77.453,16899.69,12.1
2019-09-23,2053.71,77.3135,16867.2,12.57
2019-09-24,2061.84,75.2877,16798.33,13.03
2019-09-25,2028.53,75.1414,16784.29,12.5
2019-09-26,2032.64,74.757,16790.4,12.1
2019-09-27,2017.62,74.3971,16694.27,12.63
2019-09-30,1972.72,71.8664,16658.63,12.52
2019-10-01,1990.48,71.4546,16447.66,13.97
2019-10-02,2031.18,70.1302,16310.97,15.04
2019-10-03,2040.68,69.8461,16369.03,14.41
2019-10-04,2036.48,70.5326,16449.35,13.05
2019-10-07,2024.35,70.3799,16421.75,13.6
2019-10-08,2026.52,69.785,16293.95,15.0
2019-10-09,2039.6,69.0838,16379.87,13.86
2019-10-10,2017.68,71.7238,16422.68,13.79
2019-10-11,1986.8,72.4578,16415.16,13.31
2019-10-15,1980.46,69.9143,16418.39,12.7
2019-10-16,1994.72,69.8023,16427.18,12.43
2019-10-17,1990.41,71.0697,16426.3,12.22
2019-10-18,1982.41,70.6469,16377.12,12.32
2019-10-21,1969.11,70.0703,16418.45,12.13
2019-10-22,1968.97,70.9941,16391.52,12.02
2019-10-23,1976.22,72.8635,16335.93,12.04
2019-10-24,1988.37,73.3492,16369.32,11.74
2019-10-25,1987.47,73.9749,16404.49,11.36
2019-10-28,1974.68,72.9029,16387.53,11.46
2019-10-29,1972.91,72.6728,16418.14,11.41
2019-10-30,1991.58,72.2814,16501.43,11.02
2019-10-31,2015.4,71.2254,16483.16,11.26
2019-11-01,2007.88,73.9653,16594.07,10.72
2019-11-04,2009.99,74.4069,16669.81,10.87
2019-11-05,1974.61,75.092,16681.92,10.82
2019-11-06,1991.17,74.2705,16745.64,10.66
2019-11-07,1954.42,75.0546,16805.75,10.53
2019-11-08,1957.67,75.9918,16877.42,10.31
2019-11-11,1950.26,74.9522,16882.76,9.51
2019-11-12,1946.14,75.0067,16909.38,10.29
2019-11-13,1961.57,76.0941,16957.99,9.4
2019-11-14,1974.7,75.5233,16972.18,6.59
2019-11-15,1964.69,76.7047,17028.47,10.51
2019-11-18,1966.72,75.3145,17025.11,9.75
2019-11-19,1979.17,73.4637,17011.4,10.05
2019-11-20,1984.17,75.7835,17005.82,9.89
2019-11-21,1967.72,77.4836,16999.19,10.29
2019-11-22,1970.2,77.1152,16954.84,9.47
2019-11-25,1961.3,77.0867,17032.86,10.36
2019-11-26,1961.25,77.3118,17035.88,11.15
2019-11-27,1953.65,77.0227,17100.57,14.08
2019-11-28,1941.64,77.1598,17114.52,10.54
2019-11-29,1969.2,73.6187,17040.2,12.75
2019-12-02,1968.33,74.5751,16981.47,11.52
2019-12-03,1987.5,75.0117,16892.18,14.8
2019-12-04,1967.79,77.1009,16897.34,11.94
2019-12-05,1967.85,76.8978,16854.92,11.72
2019-12-06,1956.52,78.3422,16996.97,15.45
2019-12-09,1953.66,77.905,16950.85,16.24
2019-12-10,1956.08,78.1859,16950.7,13.79
2019-12-11,1957.32,77.6387,16939.61,14.56
2019-12-12,1955.31,78.4042,16946.9,12.58
2019-12-13,1965.1,78.6909,17003.13,12.29
2019-12-16,1961.86,79.0595,17056.36,12.54
2019-12-17,1963.28,79.6345,17075.2,12.67
2019-12-18,1953.97,79.7532,17031.98,13.48
2019-12-19,1963.11,80.1644,17064.04,12.68
2019-12-20,1961.61,79.3059,17118.44,12.68
2019-12-23,1971.48,79.6531,17128.71,12.68
2019-12-24,1996.05,80.4724,17180.15,12.68
2019-12-27,2000.39,80.745,17168.21,12.68
2019-12-30,1999.61,80.5105,17098.56,12.68
2019-12-31,1993.38,79.5672,17063.43,12.68
2020-01-02,1999.35,79.3994,17099.95,12.68
2020-01-03,2033.93,81.9677,17066.12,12.68
2020-01-06,2049.66,81.6184,17105.47,12.68
2020-01-07,2062.81,84.4246,17168.06,12.68
2020-01-08,2050.2,78.14399999999999,17167.82,12.68
2020-01-09,2044.64,77.7414,17235.57,10.07
2020-01-10,2051.81,77.163,17234.49,11.78
2020-01-13,2040.34,75.8523,17293.42,10.45
2020-01-14,2032.78,75.8731,17352.9,10.45
2020-01-15,2041.73,75.8166,17415.17,11.27
2020-01-16,2037.3,76.4545,17484.77,11.27
2020-01-17,2053.95,76.8754,17559.02,11.27
2020-01-20,2037.12,76.6022,17597.39,11.27
2020-01-21,2051.62,76.2284,17572.28,11.27
2020-01-22,2060.55,73.7387,17599.86,11.27
